"fertilizer","light","plant_size","foraging","herbivory"
0.520857256470241,-0.387202911636225,-0.795765783246393,-0.657088072294368,-1.69427577306634
0.815522242397055,-0.167188662226103,-1.45370773189912,0.460576797564251,-0.714234627866925
0.883597260872097,-1.4635119473732,-0.5343125490108,-2.00352090732798,-2.96740244272009
-0.226490875690807,-1.41876508611498,0.186849114062101,0.458778161634332,-0.19491395814272
-1.48036451625021,-0.148127120512489,-0.938821057511514,-0.127745453519926,-0.507654560787963
0.510764412830776,1.54972326421087,-0.365838063980134,0.997925939438879,1.22640265152851
1.71698285589227,0.78426045927588,-0.72251060082688,0.762667550128927,1.84486105151862
-0.131657081111879,-1.43402458243388,-1.49528756044068,-0.501659476777639,-0.807776632187581
-1.25587046965214,-0.765182378270468,-0.385498973113484,0.0306013987682777,-0.412384445107051
-1.06110727060533,-1.66007153495916,-1.30133004679729,-2.35015742553983,-2.85451725969031
-0.613140565366924,0.320118327163993,1.41911972699297,-0.440103156724163,-0.254631902776772
0.459447501860607,0.149807164531305,0.739747805866281,0.868560334144807,0.884546042400788
-1.60991154308373,-0.21748886897162,-0.273263672189907,0.236491669364465,0.879177945664569
0.865230796103079,-0.146440098155806,1.52334469429798,-1.08933376643106,-0.50259172310015
-0.685845855956626,-1.58552122680305,0.0129073337651362,-1.32652714997517,-0.203277791502495
0.127345781715522,0.652036637968006,1.3707162235136,0.0205347821756195,1.36287456150645
0.187933631039366,-1.22705490397595,-0.773492751611692,0.125714956517824,-1.55709278550381
0.801552955786427,-1.48876730522873,-0.557485704342242,0.358215363731389,1.28430302731443
0.680481554196173,0.153564199240739,-0.0244411553644628,-0.0566999315373766,-0.558320487481952
-0.928784659074135,0.481509507897815,-2.70301930515248,0.254394591958984,-0.692088720990193
1.65100015176077,2.668562291261,1.42368762899173,1.1426113551987,2.69951588876666
-0.478330071221185,0.398002980939983,0.248691264520778,0.707708141509233,2.91254436890105
-0.654093216399714,-0.693302330224719,-1.58702039429762,-0.545023704211566,-1.51552176643695
-0.451023107767252,-1.79692582908188,-2.11415794326231,-1.40362518379372,-3.71576271651331
-0.936865980533756,0.53084067780797,-1.8879224885325,-0.17779120784498,-3.10358844692142
-0.163154608820157,0.205347383511702,2.51899677328419,-0.117988434877302,1.93060550805009
0.86358862155824,0.328545851117191,1.4887006308856,1.12899810691904,-0.445919383449493
1.30924321197708,1.37088387121614,1.34330222473243,2.31617113393859,2.95232825770419
-1.39086690488327,-0.437431531701913,-0.0917878068453428,-1.19270931359354,-2.5355582320994
0.391213665871334,0.900039464677886,0.948660441544652,0.0458217227677811,1.28534857201299
1.06475298495213,-0.879787645240758,-1.57575483655847,-1.14162178050573,-0.947541032842588
-1.83971664083704,-1.54803443603428,-2.37549564992128,-0.0337596657033143,-0.671617360060701
-1.94450215288479,-1.8402808711251,-0.328256598993842,-0.712357328334573,-3.56761619871001
-0.42555534183519,0.0313411061603237,1.27809948267929,-0.334580096318019,0.913281090566164
2.10978990010523,-0.00346905900940753,1.77463641658443,1.37865090853531,2.28364889201637
0.553470863653737,-0.811934794069839,1.16026063057137,1.76383519611052,0.699004059190336
1.57446866501801,0.926096099285122,1.96224454742899,0.91050768896883,1.45559880382512
-1.00090044489472,-1.06404276458856,-2.28961194247708,-0.966559695084953,-1.86264477828729
-0.675113929637897,-0.0823759636058767,0.873674200694526,1.05882201324319,3.05392270702502
0.296845858752004,-0.598535196202236,-1.44203032955813,0.343530998129212,0.135761796096031
0.508551109861682,0.316206670574079,1.24867794280627,0.806744892036058,-0.157825573110411
-0.270477859579929,0.722286350796804,2.52559629977582,-1.47135768334161,2.74544234063782
1.20498718347976,2.44940251920793,1.84734739978929,1.69193241824071,3.74068995008855
0.38471686069331,0.64365953073107,-1.25864430128702,-0.827313770979591,-2.37677108939312
-0.774157945657557,1.26250286815778,-1.08141092430692,0.0566946311078446,0.647523621148767
0.347213598744051,0.653746203008562,1.86792638667469,1.09680148604635,0.893313609392803
-0.443123705816227,0.687438775195307,0.577580714033515,0.230666859571724,-0.551500506671669
-0.856863671541217,-1.18168696017654,-1.137060820298,-1.55264869632869,-0.465071011964798
0.292545373841156,-0.533082061811965,0.815187814089956,0.194963766204813,-0.000581927024756068
-1.3805131355676,0.730064948832646,-0.708886160551432,0.161234850570874,-0.670363634113328
0.48156634807678,0.889147340142791,0.309356102354033,0.0836787921412245,0.0537223559527643
1.21329040698599,-0.452982696128502,1.41011123697432,2.09854941640645,2.19464802610192
-0.0660136372822609,0.664860170656674,-0.767023482316958,0.147072861900226,0.887830734649994
-0.0149605035156709,-0.338985030084326,2.77692040482889,1.61169635237644,2.7442854427653
-1.21840043268797,-2.20557280042732,-1.50447008342183,-2.33092925869416,-2.64372542113948
-0.458192759190554,-0.530190376248645,0.240910454766293,-0.360214077044911,-0.758124980107818
-1.34389078570342,0.281535187492403,-0.736600766813293,0.3563306875386,0.157236225516638
0.142407020324969,1.45173383146517,-0.730633569782429,0.710646740775597,2.39065017163578
-0.409712198052807,-1.02432340163199,-1.08773132010401,0.301782778693167,-0.40578791416652
-0.177309354916892,1.26604231585786,0.96567525607543,-0.450879969737793,0.67519884670452
0.407264753861853,-0.206393638178957,0.872679999274245,2.13095721877974,-1.36360175081276
-2.30336192988369,-0.199629632341886,-1.99036573070355,-0.274259637797872,-1.66477582998127
1.51149695268729,1.25338565761276,1.93121642062804,1.71731533080084,1.61892001619249
1.10230037317299,-0.692359564109054,1.3923221071418,-0.499907238807009,-0.586268862696542
0.861065020668033,0.322693513232035,1.60027902751961,0.257269045418213,-0.602598325908368
0.32692934635978,1.2211375535346,1.48867943760652,1.20744187104857,0.703249854333168
-0.196178197378,0.645783445147304,0.717210601112853,0.0577362132447067,0.742395144437916
0.527503413845597,-0.635907754127931,-0.46539068405635,-0.12649536181345,-0.867060624470188
-0.237838928998374,2.23954287755278,0.167133084117402,1.09986763389702,1.92558423024401
0.598006987696076,0.310514108421665,-0.237191066181318,-1.87777873359366,-1.98390409144001
-0.232055352613663,-0.834802010008259,0.23119031104684,0.511715000841234,-0.276473285080649
-0.708201369799047,-0.236234289427675,0.259276985335859,-0.688856213046254,-0.644693544175506
0.204917294570702,-0.76011820832252,2.25518879861926,-1.80480545927581,-0.492504352092497
0.289684648382513,-0.719304152832621,-1.03170066102273,-0.99453757101808,-0.921005380661829
-0.772714778842042,-0.0890410041511047,-1.1892115201355,-0.507582651680249,0.542497815409746
-0.241748908261949,-1.50487964093235,-0.0529135694655338,-2.53604914772027,-2.2394339348602
-0.800792229908304,0.492255220788266,1.15933561792045,1.80709480260483,0.74141619210904
-0.471080453441376,-1.08631712086388,-2.04720502060179,1.29806694981559,-0.713808476908539
0.502649461571759,-1.07637788297725,0.106017553178248,-0.780716342789782,-0.410933113728118
1.21965432400387,0.0488066281529327,-1.13248793544608,-0.516592015000599,-0.690345990542868
-0.4102706529263,0.104964897212769,1.07967322000421,-1.74904121423346,0.102795317274197
-2.06026017814327,-1.95684347977486,-0.638161750474306,0.675737845190327,-1.49745203059918
0.325556861968771,0.120623513830907,-0.517344972244109,0.663001234280587,0.645502985199881
-0.813592909209143,-0.101910240106929,-0.444685826534373,0.490508642244465,-0.0672527933366823
-0.881685534912963,0.737650043398291,-0.0511918589614108,0.429811783808428,-1.00754748300275
-1.0841881046387,-0.36549110843961,-0.620044786869388,-0.288783103100395,0.304363479239216
-0.807303299213868,-0.534862698974467,-0.839809038983445,-2.70794141585154,-0.888876485133699
-0.678217008664753,0.00432093527562455,-1.97604668647714,0.818818090969361,-0.646976201413629
1.25540230576457,0.775769407728502,1.89052946149306,2.97374782823896,5.14749992692652
-0.453793850779273,-0.395808925289304,-1.3136703789532,-1.83166351814324,-1.04392673988385
-1.16181724947824,-0.336391929219504,-1.75374301155834,1.22212657574516,-0.804640207785819
-0.228463581015428,-0.657413321310954,-0.823226056051324,-2.10227925375941,-2.30126637791744
1.55838572192525,1.35006075547925,1.13672685624551,0.429458278810304,2.03362623518892
-0.8481241249386,0.10964369015096,-2.53278052733795,-0.264740882326544,-2.20376937913663
0.988884332101594,0.61691250623948,1.13744036281426,-1.10642927854986,-0.297095259637312
0.867260482165748,0.852380689871788,0.994012952264636,0.768753687230734,1.88046649984054
-0.593347919465006,-0.652294161273741,-0.144598527393497,2.6634071033965,2.32110371599871
-0.723644574614661,-0.729270310133126,0.48705240580562,-1.14747951974539,-2.78859897075418
-0.37526678943147,-2.14141021071645,-2.19718750135206,-2.11561877696366,-4.97358303314808
-0.281404105571841,-0.0562022489946151,-0.246943304977582,0.287224349369407,-1.03656456494332
2.69534791600062,1.14260386184277,1.02719756479216,0.641574784881436,1.98104860049527
1.40119496670431,1.32734795589363,0.784322447879481,-0.170033167101811,-0.112281111301156
1.08895112641798,0.393356728636776,0.411874426546212,1.7505646575165,3.02873490209096
0.330673259311185,1.05978667683984,1.63794602972215,1.52256076494435,2.69747964535498
0.0452564097360386,-2.03490543217012,0.0660277065997801,-0.749272553012618,-1.46823976564227
-0.180991356040462,0.356679474788737,1.25821347677943,1.53032094766551,3.38741231970226
-0.161322922088998,-1.26568902284378,-0.13913440483677,-0.639031091990429,-1.99417857826549
0.704542063893351,-0.973588019965846,0.699822072618319,-1.62669949241551,-0.826896513798593
-0.927491135606253,-0.163325690369535,-2.74771499136095,-0.309253525961404,-1.86381893117613
-0.152501891719554,-0.647078079115092,1.62861579645793,-0.0822491368075634,-0.437214502035257
0.169189853559606,0.115395904375608,0.268368829425107,1.44093289791489,1.35846865824379
-0.059956404835884,-1.10381904615195,0.19075130600054,-1.21074937738836,-2.06541885602159
1.39318293131188,0.674963838955881,0.763077185375788,2.03925238643985,1.74624296570394
-0.15225171148856,1.47863929742951,2.0095161578465,1.74231590803194,3.83677161320324
-0.722671916874697,0.740225757850528,1.24071336071481,-0.289566086194032,1.34603449366121
-0.336294062104518,1.61699911199144,-0.386363151845399,1.70700617877815,1.18300629554106
0.759599556664581,0.416670633054824,1.08295658975721,1.03714497975209,1.68409759955753
0.893971582081208,0.466731355528969,2.50179086552339,1.70892544170029,1.6817882195198
-0.0191493916447399,0.18797852199531,0.766464587072911,-0.697565819875456,-0.362161659297617
-0.353197382349963,-0.53216958735673,-0.230849790387747,1.05437605378418,0.684354631658915
-0.815222534934951,-0.175823056366787,-0.0347527804207429,0.497595551731411,0.866009327334899
-1.07642080980393,0.878904782670968,0.578219498852771,2.80661167235885,3.11526941724558
-0.441629012749982,-2.30098039018472,-1.96626943748161,-1.38610952319936,-3.77334761897121
0.0853696947134812,-1.11397911270607,0.575725134953231,-2.28280748153329,-1.17920985374894
-0.0590699754401791,1.24639922086497,2.01205545832149,-0.0664936713099775,2.02731252352955
-0.130428489842523,-0.646826212283656,-0.728312821992918,-0.275472586055598,-1.18614832063586
-0.555339351632324,-1.02790635766497,-0.581531381401227,0.148332341182051,0.986321481067686
-0.396929965768887,-1.02654913531184,-2.58338853514645,-1.4165713970043,-1.44512085766659
0.996327317168237,-0.641566693014994,-0.0304697537442972,0.269755098539418,0.568849369311654
0.7310560665313,-0.176014304466761,-0.0817576113674838,-2.62268164512997,-0.457686525715318
-0.0162874801050323,-1.28673945014509,-0.933785197667533,-0.642180626209115,-2.38588069120069
-0.996849092992968,0.455525523435564,-0.960240822013458,1.34185747759326,0.972479543291143
0.344784131221753,0.323483706516521,-1.53372631277216,-0.664874303778111,-0.013149178658588
-0.05157657129732,1.02017546970092,-0.0825788201956844,1.201166392522,2.1468986527808
1.85272506765205,-0.614527898893106,1.642241773817,-0.752831493802841,0.156213198126371
-0.518183062284384,0.822779454717349,-0.120075492912624,0.0467310223854632,-1.74399039577072
-0.00949785312416307,-1.18347129830418,-1.98846845179413,0.0227353690510633,-0.987009491504047
-0.484129684109283,-0.474947068345593,-0.550152385913843,-2.85147419571276,-2.35150057796921
-0.00668555295464279,-1.87248491745551,-1.52803113261922,-0.278801377858248,0.666951802678826
-0.720776379650631,-0.194768877154843,0.628859413958518,0.180123266483267,2.38510112114218
0.0255788211169468,0.470979459454113,1.70307063422984,0.95486829574522,1.96068898218224
0.0612094079555675,-0.989787514154797,-0.78505012362551,-2.19844171517365,-2.30569703385886
0.534802404840096,0.240458278553071,-0.144327274618287,-0.0806101649046959,0.01367881614825
0.574364117275941,0.444741006645938,0.90852891301072,-1.56923315732122,0.606244854575099
-1.88207908784833,-2.07081646368126,-2.06049352174803,-2.23581430240805,-3.90458797157253
0.788486661702821,0.697562604862844,1.13597475066656,-0.194469247854506,2.32408642600663
-1.18516110716832,-0.669814125617924,-1.59628790864877,-0.486471858540012,-2.60752882105286
0.311119602369296,0.952531241901261,0.035059734950193,1.65405301321522,2.31042862851273
-0.882086924049673,0.500760509345454,0.940321287610599,0.866113219803325,2.36041994345326
1.06584155713932,0.675543189864215,0.475248324683222,1.76362200066978,1.839634928642
-1.43078957998122,-2.08099371518304,-0.394191557370139,-3.15813352820855,-3.86730675451747
0.1763665875754,0.0890325012133311,0.222523157857466,1.22714912502475,2.46048753999229
-0.0135592007907383,0.81187933412425,0.540321471113478,2.21070324532696,2.60417915797061
-0.802192711987322,1.20328278201502,-1.24894092167389,0.022477054710024,-0.217506181165083
0.537554711762356,2.78611502812406,0.289360750005886,3.66480942004079,3.74995129880839
0.106491446806023,-0.0549154128825144,1.33386289975223,0.401977110482351,1.49784963918737
-0.00640239934506062,-0.0105538607026068,-0.491656987238891,-1.02642641429937,-0.352577430210604
1.83113601544474,-0.542099186855576,-0.363530518064097,-0.445698590687522,-1.29220152652568
0.475646102944295,-0.175331813241059,-0.708550592341966,1.41965446897851,1.97854731965001
-1.0560957554585,0.130880286898153,-0.728934671354534,-0.787653988773656,0.21162220607596
1.59799464092258,1.42978335723747,-0.438458152493664,1.68985536305411,1.6091936001127
0.337874041379577,1.95454510959871,1.63297230929778,2.1371247607194,4.30902131074612
0.297452227910361,0.357686879192722,2.19528501031415,0.639087626831429,1.81819650487677
-0.494025853009992,1.82461711321335,1.09845297809304,1.77159401166165,2.7533927343651
2.24930172077811,2.38818497379632,2.33392148856933,2.30948478642346,3.47166481052742
0.781996137200345,1.48171845636986,1.59191784598047,2.7901709255015,4.50369734500019
-0.978566539667606,-0.428964348186106,0.0803966656743142,-0.274309180451482,-0.374913493769013
0.553638273994495,0.263342341723963,-0.240050150902794,0.182746519259434,-0.313858098638215
-0.511306311782579,-0.684226761640874,-0.198540362835479,0.0653315569928085,-0.671043106338851
0.0544084833477674,1.12943201455092,-1.52962751297567,2.25055798800568,2.90869778654232
0.392635190964533,-0.450855214202793,-1.57635951257256,0.98711566888775,0.0913562933599227
-0.839520329191934,-0.631998785394723,0.0335341245157456,-1.22582309704368,0.0773116020160844
1.13036782411492,-0.570402466096868,0.35182404045507,-0.381652667751595,0.297819930468532
-1.45586499818492,-1.18727675714156,-0.830269278264738,-2.67603226015499,-1.95621287453735
0.487167599075818,0.17429014179781,1.07058869832501,-0.498626190626009,-0.404634233646728
-0.429591312202207,-0.199975918684733,0.724498139439844,-1.01254481730872,1.04846665485855
0.51313167310304,-0.174188371914584,0.336574654621534,-0.37994808156209,1.31800330186283
0.347166295625724,1.08669350437356,0.157470530842471,0.120279622471601,0.642540306600887
-1.59725209411678,-1.75899555373127,-2.24359386252694,-2.0878242627507,-5.5409721843984
0.647440749905914,0.00403446088383735,-0.482716875563651,0.284965333673562,-0.167826734435254
1.59401557436753,2.02295185487829,3.71719685700237,1.34319724307046,2.12174511230457
1.14994202860146,1.10114162624204,1.2305422953184,1.95445016516321,4.02629210660807
0.33192855743465,1.71508150396045,-1.09181941257802,2.32530222549434,1.30383499618214
-0.721843716000354,-0.625781530898082,-0.58524256238602,0.210696660735954,0.3750424812173
0.710276769665482,-0.127488674682501,-0.253119772682869,0.0648016555948339,-0.114120371510412
1.358539805849,1.31472192516798,1.11547734633522,1.52658379608503,1.34473288193308
0.120147066276357,0.00557193837278987,1.14940747409465,0.605195075535419,2.00826766371744
-0.326247258484683,-0.638181220142591,-1.63118443281111,-2.04528413242556,-4.34817665804
-0.315330554846085,0.310607187042881,-0.181070075830189,0.0270377615200877,-0.631995370414518
0.43401036495064,1.45641309986429,2.07511805020681,1.36417852585283,2.06228122269219
-1.65212986959049,-0.911689188015122,-2.56232641452164,-0.130362230182768,-3.39445100032161
0.163402798723259,-0.235356510781869,0.351115765230835,1.03177946845389,1.34515718356431
1.12962198156783,0.169071291087163,0.546063172712876,-0.1633834181307,1.50952287165121
-0.602275478425381,0.331586317657039,-0.321063923751788,-0.350619252288423,-0.653486780610397
0.261498138934342,0.464225941764123,1.10303453005762,-0.844373505142138,0.401994458295742
-0.262042617530872,0.0325073606634242,0.557828098370702,0.390633826120451,1.21706743928428
2.46450995761886,1.28706321254521,1.36118706347587,1.91068653355493,1.77263712507211
2.11848526994701,-1.35760772129277,0.0830464322421079,-2.07862270256289,-3.81183352762363
-0.666687463988387,0.613596073536912,1.43102013850237,1.03566996195482,1.9737947971692
1.61275544386192,1.37560561542086,1.16322018598401,-0.71010537557633,0.221864636890116
-2.08377370259778,0.295053454737822,0.946204131933927,1.43607413021997,1.36143242620211
0.467503535648323,0.236258021239784,0.862741565586474,-1.5905335367083,0.717974078305808
-0.370493026462779,-0.0277104128534984,1.22237496540445,-0.267865729583343,0.711467964576324
-0.569040447544847,-0.0979169144799796,-0.994549998123304,-1.71220449244894,-3.04440075252644
1.79925623766721,1.46588546793822,2.1035784521311,0.149115527349866,2.54374874381674
1.03987973258356,0.148010485987656,-0.525170881051046,0.840656672504458,-0.688869415449775
-1.14360906914585,0.725017305365433,-1.92205199960911,-0.0757418799005868,-1.81473287693306
-0.909192556929458,-1.24813507020839,-1.55427880368546,-1.71539605562404,-2.54228133098336
-0.300678128017865,-1.33564204965334,1.01516063887945,-0.563983184083506,-0.833711460366273
-0.352365656664946,0.366359898226234,-0.321711198240068,0.508334165469167,0.383920265743212
-0.363852738701165,-0.0867005411952366,-0.148258132166962,-0.220994762072277,-0.602473338721209
1.2040416099106,0.593063987068412,1.29250186082302,0.426722421459715,0.429292677270482
1.15324975023026,0.0338109665939179,0.421337705047351,1.36621970585298,1.80064434937595
-2.08521218634794,-2.16273813861433,-2.87091011874015,-2.5408540004186,-3.04582660863021
1.84396155372612,1.32260827296345,1.89275398690734,2.00343452703813,6.61505827162916
-1.26817191797373,0.434604140641771,0.803847949599044,0.659544706386211,-0.437338973158155
0.269838197332506,-0.398986778268856,-1.61057264856364,-1.07733138853872,-2.23346559104682
-1.34353553079771,-1.06094034118707,-1.39834390666381,-0.187966134880794,-0.617282226616747
0.204767856769575,0.0483093122377321,0.87183829076872,1.2234844030108,1.76162206824373
-0.0486212438337109,0.167344479147695,-0.407647023351318,1.3536316246302,1.95948624117551
-0.339744853254749,-0.43837398731368,-1.54201237111442,0.0317716352345809,0.0389899872095453
0.507325175992278,-0.403509442425493,-0.376851573488143,0.493281955663464,0.488197606153656
0.0995813228554701,-0.172796351633372,-0.471131721036248,-0.353638517062541,-2.76854719256732
-0.294826444376041,0.943191146846565,-0.0125800789120745,-2.16902379847085,-1.28470162185987
-1.23570981363977,-0.234654661561017,-1.31846739850204,-1.71819734088598,-3.19061383400269
1.15967372620373,0.567646391875056,1.37806204638208,1.7340936606403,4.17147866979009
-0.236516562653272,0.838255490020396,0.793337587736398,-0.465148772295063,-0.715287175422672
-1.53133209961333,-1.76513195669455,-0.389473620397336,1.52518555324506,-0.958894005656809
-0.3299963854035,2.17869455150154,0.995777048639311,0.704370693030581,1.61734012342788
-1.15198806869979,0.146034672386316,-1.92510826353258,2.22341044324666,0.0278370029892561
0.0247874054085373,0.0363294192290063,-0.45171053540815,-0.0712381136644213,-0.789621388603683
-0.462965996221673,1.98879652533403,0.676411027240586,3.46761807498927,2.82598668891881
-0.962883363088993,-1.4125679812378,-1.56502425571721,-2.22947909598342,-2.87408824062715
0.123427698313488,-0.613595173271381,-0.747848589309266,-1.46546790139952,-1.59916542412737
-0.679311633462311,-0.628951358093602,-1.29555432310521,-0.579822911098156,-2.62237118669328
-0.189146951959091,-0.624883969628799,0.736178711471523,0.417341237703549,0.30767058473537
0.656905421512843,1.5103933566118,0.694362485322786,1.11501044771024,2.51062663282045
0.724063903487647,-1.37321518135506,-1.47230088503134,-1.79286851150816,-2.7013192982438
-1.26999710638954,0.844912872223904,2.02996501378525,0.728759412054115,0.890732475387982
-0.396323237733915,0.0364973766945817,-0.130847962880969,0.415025592623467,0.248577373245501
-0.35622243037005,1.47297913958778,1.2468811895546,1.43636507836775,1.68402367788729
0.688063834391558,1.06373429637757,2.59290814930348,-0.808039048282141,1.25001499203695
0.776068402610503,1.40648969372836,1.63714035114979,1.46729978471137,1.6461251145755
0.9626487062529,-0.384538552073044,0.836755450008272,0.445169558484192,1.37626059518707
1.41183610762893,1.79000880278922,1.26638836663342,1.06179953845251,1.3138981160227
0.632035774008566,0.89299193985965,3.33940195812838,-0.285485374007838,1.64696214664373
-1.66589755692333,-0.418095362483265,-0.264381909194155,1.20107340578664,1.47294916864139
0.479381246605986,0.0847825800853483,0.52480997785888,2.64579885129869,1.58519706923218
1.68071328786894,0.188452487173589,1.75220704207205,0.980687830231389,2.3653660658427
0.293953298901277,-0.425267720487042,-0.952133188452094,-0.952061398430266,0.00587618336731599
-2.09575778582809,-0.807158441012082,-2.36505836740713,-0.586236798636312,-1.85397710062882
1.92093523054806,2.45731227258428,2.72077881778359,3.04132470665266,3.31333053139079
0.103413208000151,-1.72429691885129,-0.918311332206164,-1.71728050871666,-1.66994313345742
0.253137768558308,0.242408516231187,-0.633316509865376,-2.09431270072329,-2.1906016453899
-1.16210882470463,0.153036353461841,0.581206645060268,-0.450797063541768,-0.150218927607309
2.56984743835358,2.44643289779872,3.14418604759453,1.2890226702182,4.55624692226363
0.963404788108786,2.08414595199748,2.74880587841511,2.645606695902,3.66418070518726
1.95984251119715,0.895563975421323,1.56447638607261,0.453316693878755,1.64689793153958
-0.787116036893434,-1.16889193509628,-0.110881411069858,-0.840841478072029,-1.24446875542074
-1.03987568123468,-0.637431305501774,-0.771887122231173,-0.730664280324794,-1.24847314320414
-0.929044151996929,-0.6285049875885,-0.90363738204666,-1.14129216774302,-0.74252812378678
-1.30975493549399,-1.33544423742592,-2.82122162011982,-1.58703391992575,-0.920778942513038
0.0379245519825377,0.000250673467265889,-0.00905267157469015,-0.13207668972433,-1.51843373179117
0.0198215017398694,-0.611299745207357,1.47699860586854,-1.12618547564693,-1.02092101553932
1.67692502306086,0.918379057794178,1.74703889841385,0.416489257240126,0.583617257680949
-0.0931132981988339,-0.204490341896825,-1.45516055462993,0.0836211758623198,-0.482249661038865
-0.678936872801402,-1.57362266775747,-2.75652312002424,-1.21022822548327,-1.18352678973052
0.568063113192544,1.14765801233639,2.13103173730051,0.578682742343208,1.40260038299368
1.88825937218661,1.51221515028394,1.22127640309267,0.693214166242109,0.588891793028641
1.12457665561521,1.33344415733897,0.739185035272757,0.598279692494144,1.33135394243385
-1.76040570410108,1.42206331909391,-0.120052976128933,0.04134869230866,0.166243129730902
-0.403517333496776,-0.7537601183257,-1.58958603765378,-1.53540519193768,-1.02321625061528
1.26921563525636,1.36234012271961,1.42915675925645,-0.811075319117654,-0.293266977086926
-1.61067308956152,1.07314561682962,-0.565446615557145,-0.439087259415741,-2.35806955579624
0.038299665994919,-0.415498776956474,-1.08935049893886,-0.621934339273887,0.617104166752044
0.14317118032637,-0.312023737185946,0.400877507320547,-1.26839963247375,-1.43904658019052
-0.680532041889967,-0.496372937556018,0.379983139485545,0.0062381972251494,-0.821643875874598
0.245044643703356,0.740205752481716,-0.227807908674108,0.320227673856851,-0.132844069327926
-1.47936129982781,-0.920634089566429,-1.93265811050709,-0.676032791830473,-2.22645505240833
0.112231117179406,-0.356923002523681,-0.16338839258806,-1.48670427348957,-2.40109770908449
-0.0326350246148871,-0.579101246407591,0.527854589533674,-0.487332060035329,-1.19504070019642
0.400246981837541,0.227030490406979,0.362521573717431,-0.167631292975182,-0.542376751702116
-0.576696516185662,-0.775507242491909,-0.919188091764521,-1.2171171332358,-1.0721329707848
-0.382446236051599,0.0587732437001662,0.628869537587679,1.20563300582728,1.99980239459613
0.0411176274554192,-1.00654782353758,-0.727289741829913,-0.469272278995349,-0.788812116655168
-1.55455102317924,-1.07589647396501,-0.226231965908873,-2.39337049932421,-1.72637371222487
-0.235055484723762,-1.60026354502902,-0.374799121073227,-1.0178195005381,-0.621985018832346
0.898488995005664,-0.469139766196327,1.29829944673309,0.795639029277264,2.66780225543212
0.696199194890064,1.80318302336554,2.65075393144799,-0.535545438874605,1.29692110224828
1.28561064458089,0.571214643360498,0.163739019362714,0.822980163345393,-0.245686015034931
1.66269877210508,1.08871249556677,0.345179750265031,0.162946695816197,1.17025851986072
0.318657992906388,0.539815066896294,0.113742919481455,-0.263956081635127,-0.355537080409987
0.784782095885058,-0.803325922754784,1.37734879262312,2.66513701931767,3.99923554384733
-1.36670483052631,-1.41596187732933,-2.73462038990565,0.630694417043528,-1.1061120832992
-0.75507411736188,-0.0868754900820424,-0.0661218289265496,-1.49993080185049,-1.39139024070157
0.555811090416423,0.89472213919913,1.29232417943945,-0.615263425610462,0.975390787346851
-0.0727777542564123,0.276597559657741,1.01284242966383,0.66185218790143,1.24508535495369
1.34264872884691,-0.0515068803387786,-1.21081708451749,-0.461074844443076,-1.57889121798949
-0.103493910949525,-0.385376173692331,0.62544332089141,-1.18611257901265,1.08902386619033
-0.409303970061398,-1.67347208595405,-3.22654247973002,-1.10134654073699,-2.68689122046848
-1.4318299332116,0.252179607843456,-1.34263524298117,-0.51995809998984,0.0709548010871304
-0.138319622891617,-0.427271160236799,-0.366741787639639,1.31234332883218,-0.968616348198408
-0.980161291063729,-0.633829919128369,-0.875750364967046,0.295818048758159,-0.312824790130321
-0.0774178904691549,-0.602554933187525,-0.162129646503795,0.24576575788113,-0.259861045613982
-0.251070934556584,0.51581996878113,-0.851672810535284,-0.0190864281158175,2.61208721079378
-0.803836238002521,-0.341486935431329,-1.11908002973795,-1.64424009808796,-3.74385536440237
-0.647812552369788,-0.802602459755594,-0.39050854300221,-0.47033694234237,-1.57369807630592
0.458854044960092,-0.247014909213179,0.598009772119015,1.45084091228223,2.34207102253555
-0.949948297740086,-2.28874008091661,-2.66852476725223,-1.61020391548451,-2.4519965143326
0.116013856152196,-0.155750500071642,0.671330437943163,-0.097660488677822,0.98454051919519
-0.323049351666672,0.067693350375808,0.501258216402216,-0.813463873616263,-0.856573246401684
-0.735199822107188,0.0978643050015283,0.822511689515294,0.197472491075876,0.880866460860581
-0.918880981850927,0.452726793764906,-1.5123062907914,-2.04008515349178,-2.41141225890052
-0.396462018909571,-0.55382129532105,-0.345253551277379,-1.0684503230152,0.334066801790096
-0.717702545138115,-1.29465682179265,-0.326710361908751,-0.133472187387832,-1.19146115785731
0.30157154707028,0.819468584459313,1.08531939534455,-0.792314523281489,-0.323756520453251
-0.104712954901691,-0.468364004029975,1.30615473586382,-0.710020154096671,-1.56127566937891
0.893579507281146,1.32971278903225,1.1228938771907,0.889649775297405,2.18074353651398
-0.261324456003651,-1.21022444568459,-0.33410002425662,-1.97425407268811,-3.10920755336278
1.61327918774747,0.88398021764202,0.608846299223979,-0.134823606845052,-0.011251847311251
-0.639353744583551,1.01673710952765,0.916890231101597,1.46195530437254,2.65844125735864
-0.408885031522121,1.20784114169641,0.413016822217414,0.292240218045046,0.993058922035521
0.0522340755623149,0.914473573401271,2.11281801706191,1.4497213265871,2.38915950754826
-1.86262676413007,-1.04701054068364,-0.560373824110237,0.450716886666805,0.696535253525195
-1.08250718719586,0.409757455466511,-0.342866782477253,-0.172549043930338,-0.448874605110735
0.398906496551415,-0.985006844670876,-0.193125001569419,1.00191084612494,0.795618390469239
0.21064538136567,1.65599596639818,1.90383736337453,1.29595708478846,1.81316560184628
-1.03486419680236,-1.49615665058392,-2.21288213643897,-2.23208438519079,-3.48776114756044
1.59703653143709,1.53877286004664,1.9944748062502,1.55172232515982,3.25151761276781
-0.306673787846944,-1.53726510144944,-0.103151016588583,-1.77259992032527,-2.32330889218635
-1.26803966501274,0.0299140576032011,-2.95265236847211,0.728245634005428,-0.127583443377103
-0.557443565042153,0.764152780111261,-0.0907990553227266,1.33057377106571,2.15214175406048
0.198916706503456,-1.57174434966063,-0.231003576171362,-0.626371808513128,-2.15341703637011
-0.54350685007198,-0.0517123692746,0.964782456651558,-1.32897021022524,1.74389305021165
0.365291336734675,1.21825236488455,0.903018065905468,0.323636084675714,1.41777089183658
-1.20099826946068,0.170343894496244,-0.86041195382385,-0.803891670708619,-1.96520670884245
0.426153820642946,0.0686792079571333,-0.744468361727631,1.3435855377141,1.64240871072485
0.229343008204376,-0.166291665716326,-0.954374843662829,-0.389743228555038,-2.73693115592781
-0.362174402249666,-0.174655567504566,0.319405584841195,-0.346334513635523,0.513336612481338
-1.76297044548238,-0.227248574681148,0.176300576697318,0.227300221739772,0.658459328311124
1.59710661305665,0.938833085319961,0.498472541861457,0.965883247750129,0.659170154647253
1.81305546201161,1.29491919399625,0.993715081055219,0.547782478448553,0.844862436893625
0.204829040716293,-0.931716715654675,0.75322741151817,0.0715440630180965,-1.33792647798158
-1.50540861383565,-0.604348841806578,-1.25312787586491,1.13002467208594,1.49365133176544
0.0621244012573451,-0.11878239311727,-2.26283748013461,0.978697131883391,0.0854591796279346
1.22042128525674,-0.148021839492917,0.30001808572632,0.847485354291588,0.77359104934674
-0.272031579386748,1.05127255300839,-0.418517398064139,-0.046893252110737,-0.0857137169477785
0.669199919895757,1.01192858030065,-0.171624046643166,-1.28454520446146,-1.43821813649975
-1.64810162098288,-0.199595110165192,-0.944266746574872,-1.7157127671913,-0.531127881922568
-0.424658031137648,-0.228188025933875,0.645440332819718,-0.196789714006148,1.13936683970606
0.000968846787785749,-0.66194384523633,-1.4286264011102,0.832809252722999,-2.30282633042645
0.710202813927279,-0.1534025191549,-0.146990042338338,-0.877292107634703,0.413400054940234
1.31032073265827,1.61018137817221,1.74421244543319,1.29414069877187,2.52919967558538
0.691943310288952,0.3261783740193,1.83142309552862,-0.39530486552761,-0.334044520037343
1.00384990631288,-1.34094451933096,0.704326812996049,-1.87443513136493,-1.12985725676271
-0.108921492534067,-0.142156516628209,-0.0685497319382573,-1.24430304585638,-1.12583372514191
1.5484929562052,0.518980998363778,1.21599036625892,0.423605179727573,-0.322910849515413
0.841136220963227,0.737860920642209,3.01770586178029,0.390363861607716,2.72842301233082
-2.02057907144668,0.204898254544439,0.36534058815041,0.259977454086189,0.510814184923803
-2.16653612145325,-0.683003501298731,-1.60445054321073,-0.997668332684647,-0.938744654940818
-0.355704083319546,0.363413322073418,-0.577094627253949,-1.17153076982592,-2.42674562476715
-0.255183761045558,0.620236688921092,0.0498252824533991,-0.570104267839244,0.825174462944796
0.811731255890902,0.338870692319049,0.972670214085514,-0.384124971388135,-0.126202168247891
-1.75879367768749,0.0794100805622326,-1.13374186371191,1.09975346514133,-1.11251106177941
-0.111420417173136,-0.0509489150564826,-1.87655297084019,-0.296522129163975,0.693140181594471
0.821117380449829,0.244911062697487,-0.0534009788278071,1.02844118402875,0.476049160089737
-0.0635743275278292,-0.727279652986171,-0.488710601545718,-1.4543275242624,0.394201227159696
-0.601606868160575,-1.77096947038133,-3.53267337722051,-0.626721012752499,-2.38580752526778
0.666091794697945,-0.344940816415494,0.461757555506061,-1.68359761738112,-1.24078461518466
-0.0893621745941983,-0.134529249966526,-0.542807788436268,1.49207234680062,0.647948595417654
0.123740549306948,0.0270199131387845,0.313266732683496,0.836813998758388,0.8942332420512
0.437786907165459,0.415286211211569,0.220210577877966,-0.230476176592947,-1.09930509987617
-1.46829148885751,-0.501960624538971,-1.14374148641607,-0.642460455725713,-0.0478835681637004
-0.354586373855969,0.0229738803284321,-0.0213572221327684,1.43380387612154,0.0818574203128402
-0.423586177972454,0.498932646473372,1.31041226467942,0.826420803937828,1.64240182219624
0.0606645223610284,0.373903875366408,-0.20607335821706,0.899184857226288,0.08485867460737
0.145669733971046,-0.793829163083928,-1.44297081041828,-0.448088952590158,1.22814728343086
-1.32672075589151,-1.16023928485298,-0.938281067504022,0.931912536464169,-0.464642248919907
-1.66664394057782,-1.37232244824012,-1.61554577518478,-0.46406218667754,-1.24106562634828
1.73353836812138,0.476954942600156,2.96067237540713,0.455078818765684,2.47431266569321
-2.11750802715013,-1.17835044972113,-3.58562446159485,-1.09970966797088,-4.40397840349202
2.67464202799167,2.77266159676636,3.72824196331279,3.0014642296835,4.60404584458554
0.149870873767567,0.521779271344657,0.856337297954237,1.15891492775553,1.79324916452672
-2.01969945819956,0.0228196441171128,0.46857485296897,0.600827044745954,2.35958379859324
-0.759267927945614,0.140085294132102,0.982525809600338,-0.954509957159106,0.0948135309081234
-0.880414233711215,-1.90926008820596,-0.212840937094333,-0.201185740460671,-1.23065899556761
0.749857993649466,-0.277323198321317,0.011852397355958,-0.95731201389848,-0.35859534680295
-2.63708759603546,-1.68822057735595,-3.90582665207703,-0.461828025499786,-2.41709913147611
-0.133786135895688,0.359456524049117,1.44622081887122,0.357465681033982,1.59303949398748
-0.0854011334787307,0.768167363415634,0.018662239221478,-0.962630276564117,-1.32526635220818
0.142990849855455,0.824824442871998,-0.209473515935118,2.17252305963911,0.245286084886609
-1.14086908316925,-0.74314031470908,-1.03298928022989,-1.79872051590837,-2.57071609430546
-0.388333050521825,-0.42150516019337,0.0541143454046638,-0.702281877496214,-0.981425617169987
1.15146907984667,0.198161518845297,-0.928183241032553,-0.221457795752662,1.58248196451236
-0.382257845819625,-0.185385473113004,-0.114643916185297,1.00789757696666,0.652965789040921
-0.467335513833278,-0.720150466512424,-0.0316753504720456,0.115642301212161,0.204629317698404
-0.770083233580105,-2.13730099625407,-0.687047027269969,-1.00952729792906,-3.16199805762631
0.337892091206386,-0.631827227596546,-0.33948172529148,-1.07636654056019,-1.004733748359
-1.32064273011582,-1.71024680322953,-1.25117062253123,-0.109788014253251,-0.962562382085658
1.33912205504735,-0.492557867124306,1.36271993939327,-0.0933039236329375,1.04788009562337
2.48667026624253,1.81121062161791,2.77552519329955,1.16782229253288,2.26557112699911
-0.237949450965849,-0.521011110029292,-0.447771977950583,-0.00522862955641534,-2.2747570444612
0.323365103574815,1.5721666565115,0.246250148308447,1.46453056129157,2.27203413505292
-0.573364928705213,0.179274847097684,0.33563990678821,0.140157136055855,0.905170288395515
0.854933242905505,0.443723959935496,-0.510648463756783,0.220011640878454,1.05429964764079
-0.393705873885122,-0.242099157032912,-0.904128552728102,-2.06194325428824,-4.03004081653649
-0.265829639405723,-0.719055552583805,-2.18839439482764,0.314348152199616,-0.466697684934132
0.476249822269191,-0.424219065739178,0.670155091448862,-0.00237424699319733,0.452006530801004
-0.665843074815595,0.433634703967725,0.156446641729766,1.17330047857401,-0.136660650888795
-0.52112464651301,0.771653000833161,0.352563340066049,2.50562061667292,0.196149899716966
-0.0347852035579427,-0.547603144136145,-2.2383965070132,-1.57780751520415,-3.94909219553706
-0.00931735502021933,-0.219223847433637,1.13594875440467,-0.98629944551587,-1.02297076927573
-0.968420479218879,-2.07856275805098,-0.253522663858471,-0.719801624667953,-1.30706938304555
0.809611964198375,0.957357177942739,-0.184046944188465,-0.376527458081642,-0.0849570716772703
-1.83164700175006,-2.49350924894894,-2.52078599030443,-2.73466945428696,-4.50746479745483
-0.763278057699045,-0.309118719439469,-1.26760014848787,1.1090284602421,1.55411411269055
0.234250617788393,-0.0838450104332695,-0.727602826138642,-0.429064576005152,-0.648421308988108
0.54266969238519,1.18237566895574,1.04000663887634,1.11714631613031,0.671207627597211
1.33970382466289,0.678294125042855,1.85671315268283,1.83487055838341,0.539464499576467
-0.833358421602093,-0.238250345305727,0.400092826265218,-0.481952887565682,0.12455391378462
-1.07391095845116,-0.36455268041405,-0.154430992241542,-0.196178547438306,0.392905308445965
0.906924048595502,1.20696364701562,2.1099365411202,-0.265411237925726,1.77705294452583
1.64037671138767,-0.315076072809284,-0.552157706638326,-2.10855972236006,-2.87339083956199
-0.0587029375311925,-0.412365279358739,0.483673712085279,0.472672829430728,0.446150264225608
-1.13645861625555,0.251582839233067,0.246039748451066,-1.98187197815477,-1.54177800633739
0.578394342383109,-1.11555429727858,-0.824902552134614,-0.272273033409991,-1.42462658352732
0.819718441046333,0.40014156939112,1.69133359194725,0.571718050815496,0.841062520731417
0.0630918680601469,-0.320287732571705,-1.6602020565119,-1.96169029766901,-3.3548652346836
-1.55530651069667,-0.0573266206211093,-0.484500937799524,-0.663533341433562,-1.03601275402072
0.642230895974289,0.0263100685739643,0.700271018148734,1.08540570238718,0.167154153721684
-1.6456328175684,-1.40098796341636,-3.27054972717166,-1.84351635327074,-3.35668354525846
0.0547093626175752,-1.36108935183015,-0.853342830303933,-1.2059407398358,-1.98609582936128
-1.00507709467707,-0.877344519316003,-1.38504298528432,0.410061356139943,-1.09167531012294
-1.67321370500395,-0.302964201429866,-2.03337263929496,-1.68203306977942,-1.24961974692469
0.380720329533825,1.23963598688907,1.83509761008745,2.34512540426873,2.43345031791255
0.108061899670822,-0.914433069564879,-1.27259660099378,-0.485979433792742,-0.720262463243545
-0.527592301167874,0.719732183544091,1.42977781714009,-0.809382353892927,0.881981059844047
-0.413888649108286,-0.229240037133342,-0.679854368127214,-0.112825879955481,-1.2194876644222
-1.56062438567414,-0.750138071278058,-1.44907133749296,0.57512246854457,-2.69278463260149
-0.827049774928243,0.234592571179076,-0.915650863290165,-0.561564915412276,-1.22272542197533
0.150686694604495,-0.538237225455213,-0.360533565878074,-0.931153862426314,-2.45292258990945
-1.04050657018599,0.392857647794384,-0.00799522940369046,1.04138262468885,-0.540787301627696
0.0612375328955583,-0.373506073895521,-0.818833744302272,1.325208473098,0.360390228604104
-2.10593025780467,-1.02358528218775,-1.73548192868867,-1.85080966402863,-2.81618907198523
0.833706947821282,0.468008560262164,1.08128748211753,1.28648892903817,2.63403782496629
-0.193728907264822,1.26119834794089,0.563795241893405,1.56653925239119,1.8074528946485
0.904916823443456,0.233281541304444,-0.237536825831495,-0.414039709583064,0.660255021343233
1.38186991130705,0.247419088268203,0.217924335194291,-0.529358844029649,1.00793617003785
1.13148105915277,-0.516666160042142,0.251577980759234,-1.3636290711179,-1.545103175029
0.133179169693858,-1.35815660458744,-1.96044955302661,-1.69237805997701,-2.49366551443691
2.19935627699871,1.7361618552842,3.77422186677015,0.164116373900534,2.27918812157171
0.893012614323229,-0.516719881760437,1.59943492521659,-1.03340301432733,-0.228424100505799
0.806093507143044,0.0811516419438509,3.78563291548597,-0.133626561844502,1.70946289859605
-0.184200834659869,0.917677759533092,-0.650669205890619,0.853665833206513,-1.11240033436416
1.80390382586707,1.29661229011568,-0.300780697445203,2.23555993324178,3.10507557586343
-0.207470063788759,-1.08670599163267,-0.584624633265815,-2.10886607930596,-2.6129844377965
-0.253280427636051,-0.439754126927367,-2.55129083313396,0.207440638182249,-0.159925640159849
-0.656169326161805,0.141959128743724,0.283308172960206,0.246937626084008,0.5336851675266
-0.149354417617468,0.484164805745214,0.918895465535607,0.171760904442675,-1.00795349147871
-0.931741651292583,-0.554585346339869,-0.621869913811688,0.168788177247544,-0.136095057980027
-1.17918850807835,-0.18103384441714,-0.731378172870372,1.33376748535351,-0.347457298273579
-0.822017304874737,-0.263567999034906,-1.23250981632809,1.16286589023022,-0.603883972989147
-1.05220360511719,-0.516969802961518,-1.10349221519834,-1.32511649818924,-3.7903193210423
-0.642789208910752,0.129410807608038,-1.75480545403385,0.0579831438981779,-0.919639650511621
0.195374695661704,-0.185686426308549,-0.456242334639105,-0.60164262392796,-0.0658985807742898
-1.60065884078788,-0.755336399753619,-2.21684372710352,-1.7983134726421,-2.02994978197223
-0.679751199091617,-1.00828445799406,-1.9624151905148,-0.895858138718143,-2.78382201756819
-0.142550656414207,-0.399658483545137,1.00339390082833,-1.18555084935449,1.31667659666652
0.67838437301452,-0.367234072330038,0.462816128547112,0.0549483456594592,0.889159742680466
0.287546077724133,1.05003857304066,0.760716610695601,0.985170358912337,2.3970251173584
0.876246791933082,-0.114719943008015,0.855183509842837,-0.137351225652468,2.61609550317652
1.51816470364141,1.43491801184217,0.971872239955725,0.0723497179767808,1.90093090551312
0.265248369873157,1.07238322865146,0.661559964144485,1.36713172356198,1.99507815236869
0.600009759523033,0.831317293936395,-0.3316262519409,1.58946083088764,2.11942491960904
-0.180855332892228,-0.000781860876829896,-1.27592639170179,1.62506143241068,1.92240310895881
1.23254833209771,0.225115518848488,0.762607436846039,-1.85413146850789,-1.16488934433633
-1.46311430662746,-1.53511592599107,-1.30190226419898,-1.4763587038611,-1.77339253308333
-2.70849611942688,-1.23341828788443,-2.99220768951242,-1.52969728661351,-2.330160579363
-1.21266515071264,-1.4696224942074,0.245047129829915,0.1403965470289,1.12162384027087
0.371280540133362,-0.990411995424536,-0.614691759505287,-1.40891212992292,-2.09639522278064
0.907956797312376,1.80920925735556,1.91921911336977,1.53154841410939,2.99448266143738
-0.492531605745512,-0.681772380237592,1.19676199771863,-0.273521730217648,0.329075155500666
-0.0741681508845411,-1.39344363559522,-1.21393872127367,-1.33779170320058,-2.65636113214447
-1.04752768502147,-0.143605195493837,-0.721954666905623,0.140668893759582,0.135282774418888
0.414776087537917,0.432313507866375,-0.0885428701180318,0.250372839740847,-0.286949831466812
-0.115717342729654,-0.557374580782071,-0.23875797391956,-2.22900390509519,-0.366643299373403
0.495992489533604,0.994506439269947,2.62634498994707,1.5551684744805,1.952372940844
0.124690268562364,-0.833243157218371,-0.642076104885591,-1.20656932952848,-3.4631055113741
0.403497932016111,1.86755370161141,-0.874669098332915,1.97379217364872,1.17554670014803
0.782455466246224,1.94792661537821,1.38162799448373,0.863519501640945,0.75843829133495
1.9088423437153,0.549647141453851,1.50314324735351,-0.682021449208103,-0.606478746526195
-0.60585590241667,-0.735545757805908,-0.412317935367025,-2.63626446193737,-5.13569117671249
-0.558293901530764,-0.685923939688053,-2.3815959597423,0.131393697650669,-1.29073359536618
-1.15577636675184,-0.304788470943938,0.506124247105364,-1.05172752582336,1.40536101308132
1.00915651963281,0.914167777262168,0.713799165252937,0.611659501246549,-0.533061048508037
1.95182457897078,-0.67467754298094,-0.285145623455017,0.494268330078802,-2.26236832613869
-0.44316966742263,-0.955016882250021,0.443704005549439,-2.99735085031923,-3.1785413154682
0.207023888372226,-0.962445189001937,0.864564346956654,-1.8677855145059,0.351916550593508
-0.839775306649708,-0.384692565522035,-1.11269553039732,-0.438453479411926,-1.92293990984441
-1.37815976370899,-1.51208365571229,-2.72596026229173,-1.28297359972117,-4.57897884026456
-0.712886828629483,-0.31126570732346,1.65955082920901,-1.79150717298576,-1.15227555011392
1.59120357115644,0.909249185671818,-0.533618650532139,2.21049565407389,2.58452632456359
-0.275563728706474,0.495265802248019,-1.66200810780569,1.76761688856594,1.64902151185116
1.24735463889859,-0.22173967685969,0.725813315610882,0.304528498110438,-1.38664379431875
1.25619532911145,0.191703008856821,-1.01797398918918,-0.508789599589699,-0.59185973324175
-0.139983431842322,-0.502036451630966,-0.0574437234989404,-2.22276255329723,-2.81981081507622
0.981291360847521,0.0948947192839001,0.00294937310445575,-0.881903953897712,0.221329474953441
0.0790683991569648,0.543551041213786,-0.109732509658137,1.60799592682106,1.46910090794176
-0.0563536619731324,-0.0960738974698508,1.32778631052124,1.06733810359306,3.7878933286935
-1.11388484237857,0.783635012159138,0.617793901421851,-0.958858630912337,-2.71677312161972
-0.152044833627394,-0.0502497495527584,-0.505562007489085,1.06399345230239,2.62551928417785
-1.2915686167953,-0.509166734786913,-0.525800783707848,-0.792070158086592,-0.421310578213144
-1.97413450479021,-1.06798305445644,-0.739336910695758,-0.75819490269424,-0.925417619785392
1.11555683602339,0.978384458571267,0.418721337562136,-0.53570346909733,0.862515453022379
-0.529008596343854,0.401739177189319,0.813747374390238,2.26220035142073,2.56892276119197
1.95834071586362,2.73678214244852,1.32050781025488,1.92933452356193,3.50774889936002
-0.0774611811312561,1.06532466106412,1.41403157310196,1.84971520817112,1.04246797514819
-0.278146929926657,-0.685645173920717,-1.45238513939429,-1.12258889284527,-2.15141941386244
-0.544860511901456,-2.62515314882578,-1.5196803066367,-2.17195566622613,-3.52863988389697
1.23495197015582,0.918299869262754,1.56172081948379,-0.166858038382942,1.18924209630667
-0.0804257633335121,-0.945270940277681,-0.128687342703778,-1.16342384336726,-2.72677933119228
-1.13317040871756,-0.851510805484997,-2.01314213539318,0.695159915701566,-1.07067870921454
-0.331361715702991,1.44145826535872,1.56001550213648,0.389672134460452,1.50200693429763
-0.708878271672147,-0.444997389463112,-1.51418419763219,-0.542280925848693,-2.04909641974933
-0.752753551553008,-0.920573805556956,-0.116679367073611,-0.603589621124403,-0.0981338230414781
0.474626023396941,1.0258973826697,0.648187820827082,1.27992330823466,3.07687308660219
-0.0412524738083717,0.0480013657744619,-0.52244634271091,-0.452269164910657,0.641427197556446
2.12665527140353,2.23983821669956,3.08003148965244,1.61914893141089,4.93145277043937
-0.708530707484079,-0.566161849893089,-2.17183856475351,-0.957967635236988,-1.57258316661844
-0.476524654175958,-0.218141233977942,-0.627016617216524,0.297035130634359,-0.0500410355375932
0.83664421142444,0.984207597642169,0.547982669697058,-0.206265921554222,1.3913327698441
0.00693678232538397,1.03795741950401,2.10851098671601,0.28113398326973,1.51136861605817
0.240865867945747,0.0121804299244433,-0.763407885764314,-0.581898377558239,-1.00798228411089
-1.16808312152025,-0.837804476142506,-0.590791865292086,0.582440334685593,1.40130181654017
1.01579306516791,0.529076398484394,0.322447361746518,-0.396015226919117,1.83577432830627
0.663352853412825,-0.142022412651832,1.85905812225817,0.343114708968683,1.68367419294903
0.246165347822706,0.969271572441426,1.46644201206689,2.19918577596745,4.85681166576439
-0.731894918404143,-0.690587507534434,-1.25879176153066,0.721681641496108,-0.127913487505972
-0.641777502621046,-0.0239462183470084,-1.9085318613708,0.550904940911716,1.50272206379633
-0.932826157637018,-1.70817591388912,-1.20569735234746,-0.292842178037328,0.0154807152424512
0.854584033152363,-0.765900499060104,-1.08711233353643,-0.971817548137743,-3.51459028734165
-0.354933784857943,1.86185803646961,1.45885395766949,0.384952492085497,-0.284645023147076
-0.708647137205071,-1.73174732795169,-1.66842437600604,-0.7833181689161,-2.28848940621222
-0.0592481621227218,-0.443128320148923,-1.64638362360655,0.298547509289766,-0.27454085803682
0.497847304279468,1.60969794518693,0.252956708344847,0.417114963851429,-0.0659931534239977
1.14586732732362,-1.21539198316705,0.153542093442043,-1.11429639927175,-0.46781697050561
1.53128621228128,0.818435965075914,1.9497008953301,0.303777394670764,1.72217370656255
-0.711092748196519,-0.619609389886204,-0.764368636236203,-0.809788494943501,-1.27932469522661
-1.34977147320119,-1.66566626500058,-1.09400348419874,-0.703824384716076,0.0140707730999521
-0.915145352534376,-0.408000499616805,-0.724349791478435,-0.728991090375177,0.22805250931015
1.18179492521365,0.921682869802525,1.82451867765848,-1.05694254262008,-0.0810494658170279
-1.40633955007349,-1.1559725960515,-2.55205888009806,-0.657878027554684,-0.569389427733251
-0.451237596112299,-1.37688222326478,-1.24114985282251,-1.8017531031156,-2.9158207462257
0.395438812726148,-0.758006533955812,0.98226774196708,1.11384238182771,1.31610343170343
1.04534236324807,0.516943356041221,-0.489931726572825,0.510346420646279,-1.55583788966335
-0.0698069262544809,-0.774317115797724,-0.779313828810996,-0.494567711775445,-0.577050230118091
1.34809043635442,-0.00502589873096515,1.05378232794153,-0.264792022090532,-0.900040734490069
0.22145141644618,1.05646475246417,0.425548733047596,1.41743269266456,0.592846789060944
-0.1140740917653,-0.181468040385765,-0.215557247935265,-0.127256385153951,0.0495721652587091
0.671686233262412,-0.232079517585215,-0.135869760360462,1.51362503450606,3.90791709728379
-0.339666571063052,1.14839586667544,-1.2257344128471,0.445816343298233,1.48078725475322
1.3729727049735,-0.160903832402766,-0.639225151167365,0.843950123546285,-0.772401604620627
-0.0522328257711706,-0.894903348118192,0.115513799541259,-1.6697343322646,-0.835767619966513
-0.506204597496153,0.192462056714519,-1.11024489013068,0.733306758027235,0.198201798591842
-0.627609444411598,-0.05867652751819,-1.04987009770129,-2.29130767325621,-2.69530870047077
-0.766337534897251,-1.05375157511376,0.435988814894095,0.144868241444668,0.232443439372
0.578638936122281,-0.937905094144528,-0.00368615715997495,0.137748976621446,2.12498131537914
0.907953262133015,2.06139586742177,2.05940508173023,2.64136833199852,5.02800707684729
0.0178869480050998,-0.593156177355406,-1.73294206514256,0.531302428194783,-2.17485913178557
0.595970424347376,1.47426065852552,-0.222539992720445,0.774161506783634,0.504660702629151
-0.860314865381772,-1.51672966713551,-1.09040006838533,-2.30625794128097,-3.609741292243
-0.463446196900683,0.00965782008538618,-0.501792844511559,0.432325658222648,-0.0542113911401367
1.54934680099485,2.25959218187201,0.602577094662928,1.34198426053514,-0.000907206642008163
0.979466272515657,0.202983052693018,1.94770984062834,-0.571132814546676,0.739870511228992
-0.932962376758999,-1.57491423098844,1.11721640209841,-0.293554332806956,0.361981178451163
-0.869581236597824,-0.338821421085687,-1.73666089558932,-0.832079801470682,-1.9671895729915
0.066929126960904,0.959762201695463,0.0555214247678981,0.0377212470582647,0.891256315424085
-0.637171289450638,-0.770724316081047,-0.380380340347906,-1.64057975530676,-1.56110591181409
-0.996887476955733,-0.221663478395282,-1.01213139557383,2.67388194488929,2.30394639422967
1.85734187728972,0.885512230694234,2.6734426298446,1.03063675585365,2.05178408148506
-0.49458266878341,-0.752620348776831,-2.18159051558958,-1.68265261098466,-2.55015429462209
-0.194152675026028,-0.459051405749369,0.83125944812313,-2.35704224558144,-2.45122306162925
-0.134011407407799,0.0551059630092078,0.661298541647959,-0.853901075901256,-0.0691065726280697
-1.37602385974652,-0.402782803276369,-1.66840028376372,-2.55089150875118,-2.53105150301526
-1.23101215617477,0.232496552362579,-1.85727703168256,-0.12642307129743,-0.238024757203682
-1.0702682816634,-1.35884952615914,-0.89609270939457,-0.56971859765955,-0.691564361222934
0.798594955514506,0.368904398560216,1.80498709651124,1.21546660087229,3.3198130762787
-0.666136920985689,-0.518374726978838,-2.0386337588665,0.428725181393199,-0.793075417359476
0.0695728846594116,-0.893505199613802,-0.905361674439679,-0.112196561505102,-1.50787878016755
0.142300507228592,-0.435203435279024,-0.0530216832494418,0.0887229393903537,0.472986411924005
-0.176592635348698,0.447547925135044,1.42855537763718,0.123329614336612,-0.951890689021642
-1.86820228143407,1.52564894281073,-0.258866226264685,2.12774242053411,0.493367237028983
0.411366511839819,-0.515342487043454,-0.621557438142147,-0.157370620625441,0.181521335539684
-1.77249745522659,-0.850059825383095,-2.31178674253541,-0.196284510703959,-1.56463542239812
0.840561082111292,0.276157970685362,-0.153164557245209,1.0793599730099,-0.453801761345791
1.34154864482584,1.07296912250002,0.926336852976788,2.05424138363686,4.2932404224405
-0.966465920466202,-1.19089462135891,-0.44535690022286,-0.642213190118365,0.201743618007679
0.448773368453165,0.796275010775672,-0.359968752959737,-0.99554855790072,-1.1297436571023
-0.703126891933333,1.52227002293419,0.316821878060489,1.23823231729075,1.14578442797074
-3.85021882714187,-1.45205609567072,-2.7964770552087,-1.44655535563287,-3.79143773871323
-0.708386415439069,0.328199478105337,0.836345059743764,-2.07992597673669,-2.33379482964259
0.62586051527767,0.296503907336017,-0.389598995345955,-0.0185626911803744,0.942694442135291
-1.66180991982179,-1.69090478546071,-1.13435202866369,-1.59350686603539,-2.50120311162166
-0.146972753730302,-0.143426593829903,-0.261481545943327,0.0222031461981482,0.324244736473972
0.376924137809052,-0.302680596261285,0.796605184695107,-0.181619234664318,-0.722873584678133
0.00776375364223155,0.056886345586951,-3.1716087028928,-0.34986018125634,-2.7428316203367
0.681955601388801,-0.671867592324946,0.177630782484511,-0.130781910614476,0.0416285218888119
1.32854001134929,0.20738049668286,0.250804674111099,0.592128784373395,0.274797145324194
1.86951736057026,1.59846040056895,1.89879329233875,0.353814297425918,1.30973470868326
-0.473333424404238,-0.246173853644969,-1.01268040461532,2.74756550978252,2.43206810426056
-0.82576032611516,-0.145748253018557,-0.806570629463248,2.39887470815023,2.25521251594343
-0.627845725767553,0.362852656151944,1.14843068478241,1.264116871308,2.92948969362675
1.25911071489853,-0.253284672820012,0.775633154295172,-0.849187152577897,-2.25668422663253
0.0523282673393644,0.546901024391177,0.886861033218214,1.00799349332943,3.1336693332237
0.352211916313866,1.12760593812493,-0.0508608247516611,1.24043087957639,1.42815612414963
2.22718162735487,1.85318366815137,2.74406232048874,-0.147165461862883,1.73961689759892
-0.714287387895436,-0.975818915517998,0.945551550982553,0.234185237877731,0.739875218794719
1.08253100264845,0.681779874068125,0.473731146668694,1.91427194099407,0.620004745022807
-0.501911661278261,-0.0615263437446164,0.560283351205496,-0.503889640281763,0.280498987972543
0.5375222073299,0.373829702630916,0.8317988714881,0.156862955366667,-1.91828887852542
0.910906095232492,1.14140107411515,1.43449214431989,2.09908718221556,2.25572764318138
-2.09550593166365,-1.52583252761279,-3.29503206927762,-0.806037561371571,-3.45553270332681
-0.121561516425638,-0.465000364853859,-0.658855436192239,-0.522734137918303,0.450095873800437
-0.210759347644862,-0.959151127193492,0.673162121148555,-1.13708553385775,-2.60496936317591
-0.829843729918761,-2.52038796252166,-0.845181042697115,-1.74708467198835,-1.244573036511
-1.25795474599636,-0.861409241000047,-1.6895534216709,-2.53718469480852,-4.13381159085212
-0.886594993728856,-0.340694909238533,0.00470543698723791,-1.29153769567275,-0.871439035789296
-0.6407078214087,-0.146768548151922,-0.733646907328799,0.00797046854696891,0.217194074834442
0.452198241225321,-0.609467852027279,-0.318799425910405,-2.34449295447342,-1.64117650446019
-0.128799634109612,0.766110704610753,-0.166805181256312,-0.0858326309503592,-0.946630988493826
0.67448216202431,0.415778269263967,1.1409175710634,-2.77379888190989,-1.70839061138926
-0.262982687225083,-0.876641266879685,0.394285465904592,-2.44855488791458,-2.29143970623887
0.292726432174292,1.06314389841659,0.187151998306606,0.014091822360946,0.27637968823486
-0.349791211545734,1.03156562160989,-1.09613025978655,1.32260142533447,-0.57956662898291
-0.287079736048928,-0.791628289481379,0.0625394931720219,-1.64794010335824,-0.00309055070880415
1.62350918926299,0.411678794709531,-0.0139148680258627,0.381241205936501,-0.286910138334165
-0.334675327885812,-1.64216176537116,-2.70491859158316,-0.984560645794255,-2.57346555078113
0.356305608767342,-0.209098578066845,1.1128521579217,0.614863001954488,-0.587471147191115
-1.49274481492081,1.19993125658214,-0.368112548728471,0.295788580519692,-0.197701826864862
1.51511405737373,1.03722623679697,1.49533568410433,2.28777075222575,1.71395820477078
0.970966917055217,1.07603002213273,-0.176256897171916,1.13511514024842,1.32556299930434
1.18498954754577,-0.598962640652344,0.0815048112940741,-0.262383453663757,0.755327747430759
-0.778885943502749,-0.433025556897442,0.42612541227883,0.693746486176542,2.64087539379351
-0.51500892953822,-0.982051245957382,-0.973143602976623,-2.32103863039097,-0.991339074874674
1.1083710522429,1.14880524530727,0.39862662476382,1.48975836614676,0.554416124843873
0.316381612389315,-0.0899700553281354,-0.155796265069991,1.09553685218308,0.4012298326244
-0.559539720977998,-0.988775638832098,-1.44736425752853,-0.308147972901976,-0.0400436197776517
-1.40488329853895,-0.319554261882337,-2.56076834075994,-1.42381537960022,-1.86390463236351
1.09353343318229,1.17130268581007,0.00449246526720004,-0.399383665336162,-1.28236911848818
-0.0262634318969147,0.438522968988959,-0.836056590764432,-0.858643944145905,-1.49318267697828
-1.11668198797788,-1.31118339453524,-0.401658458681023,-1.00838089504158,-0.0306849741751007
0.352631349891919,-1.10469154944281,0.336125812568895,-1.22602150912614,1.54623890176356
0.861996758487843,-0.811668287132541,-0.102286668677186,-1.26633841607493,-1.94495082918595
-1.28023038142888,-1.79143089714804,-2.92053951105961,-1.82220218836571,-2.20707881567505
0.952012183920026,0.678289441993911,0.936150280454921,0.290220502972389,0.174777149934805
1.20173638900293,1.53912660700597,1.33022475205799,1.52739363269323,1.93626000957808
1.31861452985527,0.871857805733276,2.36195475684736,0.860385802881743,2.68780886996135
0.0882460606954996,1.81625417472575,0.765066886297912,2.2869302516306,2.39397228251367
0.813726676679754,-0.411857836545632,0.1911762764274,0.558381476911137,1.13643931647287
-0.357685268620943,-0.985255252087718,-0.962104103212296,0.734545910030395,-2.14229787690731
-0.692797632453414,-1.22887716172215,-0.770282067334599,0.874385683090834,0.440451560063245
-0.545137581549319,-1.07532369860099,-3.45810859318662,-0.44245082926487,-2.75450155762931
-0.697612568713174,-1.04595124580106,-2.66758167623285,-0.589315123559172,-1.57069778964961
0.765708540229292,1.11112823327778,0.277450195523469,2.12969551007495,1.23356960622913
0.374916564476236,0.259297384480725,-0.0381301898052265,-1.75832380877289,-2.36001916012587
0.0219381541282606,-0.331635385703149,0.843687161590388,0.317217261934089,0.387145341967019
0.383622874714077,-0.40856131409559,-0.801456973031199,-0.532560293018714,-2.41296101123543
1.0485787277827,0.999367524011213,1.32643763369469,0.0544740236808127,0.82723466594776
0.476089598408843,0.373931157469534,0.766288374874638,0.00960682043473227,0.519931898415965
-0.274344536915663,1.06943688754699,-0.90642988715441,1.83691417407423,2.80780163430779
1.04789983327699,-0.615141245944995,0.0782420652280773,-1.17635149322143,-1.50065621033437
0.342454010720335,1.18426406176825,2.05491480468847,-0.55015823956895,0.82201376977354
-2.23829026598963,-1.19310954211159,-1.55927306396198,-0.363687387965831,-0.266575325382248
-1.35438210075828,0.182704983687042,-0.591392126171363,-0.11984386382291,-0.914797079723028
-0.565187871347677,0.321281508868703,-0.527389342833028,-1.24615139988652,-0.0955000384671287
-0.150773780121244,-1.50553034494873,-2.07960765360532,-0.122363680173145,-1.4100962838719
-1.68372922922053,0.186551794481095,-1.20816556186024,-0.523749187762581,-1.36991937558798
1.06623915536951,0.375332629313197,-0.419020536888804,0.643347405602063,2.13213144724546
0.721310952190622,1.52214241579684,0.306166031879986,2.35396323490126,0.856001298095179
0.513917635077095,0.178165448424027,1.43140699719203,0.713211286160439,0.842859649808006
-1.22369275312972,-2.52457026590021,-1.93680184126579,-2.5541211943842,-4.05343060308502
0.565097037496934,0.923853078178283,-0.783736568833745,-0.00389739290785274,-0.611912574216693
-1.25787985498547,-0.293051173115384,-1.83796244353619,-0.698876088535274,-1.79687364307478
0.364701704718285,-2.26529236797736,-0.11690267679799,-1.02532099284753,-0.231521290794305
1.67488153846933,-0.0451162168378574,0.107260478180949,-0.315480114428124,-0.375139351554598
-0.534365189734111,-0.226240513251686,0.683928168150398,0.583159250563894,-0.0668561533118244
-1.19117674201037,-0.528047109417743,0.604220739126645,0.283349626283255,-0.613223519845675
1.39635646709619,1.47063734291259,1.09192538964311,1.10497189418967,4.20491662771796
1.3203303734429,-0.263982554087971,1.05270002989429,-0.632593879207895,-0.560744056817173
0.933258211880983,1.05489634489128,-0.376182625005956,0.746722496658483,0.75788663231311
-0.814111071494184,-0.205120247276239,-0.88739214900401,-0.973773315334157,-1.89048735701804
0.1018429198331,-0.751638284361659,-0.304427605273424,-0.349845892356762,0.20143469366537
-0.225580851815143,-0.360248375869897,-3.00708367969287,-2.21644795412297,-5.5074147185968
1.38388307606081,0.95386748937415,0.181613301879956,-1.50823317732086,0.565553121645276
-1.48841775504632,-1.58492319008421,-1.55222464715437,0.0288904548824394,-0.779253065636588
1.43655381237599,1.49981343658687,1.40046503010687,0.477449555345978,2.42978560209061
0.254777710248927,0.85941519041135,0.606824319733712,1.31811371107358,1.64485750646983
-0.765012923375701,-0.242806520627244,1.16054512918293,-0.228476086712959,1.91072067683165
0.196649766098017,0.757915112695233,1.10264581548616,0.82806640943118,2.11900681582264
0.641720266703641,0.203004734152049,1.0187288848529,-1.14155905360389,0.948548916967895
2.00450822732428,0.276583069269705,1.4521775708256,0.344469786540546,0.922793868064453
-1.56752528318602,-0.748618818399718,-0.633705931150505,0.451748256426207,-1.23535698340258
-0.0411921129562454,1.03327429353597,0.688102101551092,1.15882250372729,2.26293576222649
0.293337695782769,0.568757111481613,1.03704249725384,0.673780552706748,2.61987118354336
1.9414681315672,1.52653466351245,0.971967071746169,0.158114321701625,2.11772656023155
-0.0787014512976701,0.71357656800985,-0.248942284225026,-0.318502175250356,-0.490813385599479
-0.71970477841277,0.421479910456883,-1.21159537069284,0.17213235686126,-0.329262164538743
0.392569753942656,0.679731193230789,-0.922278663743466,1.20083917460896,-0.362058612433215
0.367206267118862,0.272032574395674,-0.221608020347836,0.938853278638243,-0.417459398692163
-0.369900990911519,-1.51237831758558,-2.55365943594785,0.725381797158044,-0.541891952210859
-0.485568131348764,0.319641011433986,0.0209279430727152,0.455840527383904,-0.680066643992311
-0.265693484877659,-0.594273894815911,0.220370106115202,-0.474900658754333,-0.687568348672999
0.28647776703513,0.793408368622865,-0.287168537407259,0.616840581175116,0.628039766245757
-0.335191016814914,-0.874086300338103,-0.485459823791465,-0.180611631766878,-1.16790472298957
0.641885895730331,0.516849086917268,0.262568268205589,-0.296564290613907,0.886622700312177
0.93209468168389,1.14135475647348,0.181397053287779,0.857083157921002,1.83221829214735
0.14046654771831,0.305049338946747,0.0927422615034974,-0.939790485951682,-0.596974378606097
1.51185702533142,-0.199671403816412,0.994678511102938,1.48186641768593,2.37209974427451
-1.74819891213027,-0.030967512551587,-0.431144325418522,-0.82515910309322,-1.07119123599744
1.18699269581768,1.49486001844011,1.84795262575585,2.89745833336173,3.65218565701426
0.265512953805594,1.0229551150819,0.602396240934612,0.500191170096391,0.207887425566934
-0.308367267239537,0.42953547382426,-0.0313337424099722,0.0107598620102011,1.00532257681202
-0.196142866913193,0.695254967519663,-0.89770078672108,3.11893428946856,1.19253342925874
0.51245251173505,1.34461660085319,-0.496315807461541,1.62293457430535,2.65554316657876
-0.244021226007141,0.0239891279916721,0.245842974431181,-0.647766366742005,-0.560946058674529
-0.730691260251477,0.652502563308308,0.0747908345056778,-0.686138678115141,-0.248580216183701
0.81493176063075,0.140610395525457,0.437637653940023,0.0362723662808045,-0.614686246364542
1.49571602271278,-0.527388896534613,0.762087097735296,0.797788041255247,0.83336170344666
-0.299130640372264,1.44863798471809,-0.197181750152305,2.10866605553142,1.12439199246068
-0.588205478636937,-0.191627400299334,-1.3887131832008,2.02703605503459,1.0188244300117
0.949274267629446,1.89330555580311,0.00952577796177256,0.676273283931357,0.878411579350158
-0.441395652639052,-1.38828774827458,-1.25397353323875,0.535016816843263,-0.406649355295357
0.940637490106604,0.806480289347991,0.959377657670275,-0.316568651123103,-0.471169248942845
-0.615274913514478,-0.206985442585748,0.122630122161557,0.43993439803274,0.814960929307325
-0.405126525610344,-1.20552677366851,-2.19493330525712,-1.34848946889129,-3.17232197531485
0.152100572759467,0.320737025636516,-0.190425350883612,0.53096019391124,0.220955068013774
-2.19911769035641,-1.01424095616021,-1.57539777245959,-0.986744870004487,-1.84270121965376
-1.82095696212154,-1.91308671139204,-2.10409240886178,-0.522051662100328,-2.71867940976392
-0.938310108612571,-0.978997675866354,-0.805003775904783,-0.916939158949844,-0.554906379623376
-0.563165622469565,-1.42011373619187,-0.138857157560257,-0.500100911912713,-1.29549196551965
-0.710485222619163,0.367122213709593,-0.489886731786892,1.04872640384474,-0.115615216668777
-1.45973782942183,0.102907539698137,-0.563262362040511,1.18899816459833,0.642469198991091
0.946728401373027,0.653550513771905,2.0505350224972,0.521907030840071,1.94334776661605
-1.11798040704601,-0.595450624746589,-1.62232148979422,-1.60545669305228,-2.52462596805446
-1.06091888070924,-1.20153972208389,-2.60074543945749,-1.1006852831885,-2.51047217819992
-0.91505447816113,-1.93005313673893,0.112083819163567,-0.958860455684695,-0.0516336241171544
-0.368642294219003,-0.653689535665155,-2.45106386868086,0.103441954487165,-0.0174829727142631
0.440953752453104,1.23021047255056,0.850902753997025,0.261087496413839,1.92065242822028
-1.16650407264473,0.0937700894790102,-2.20115460261586,-0.0638257228287651,-0.556427981220924
1.39706731522537,0.777333318855124,1.34117792681121,0.882797079490934,0.658379970458584
0.181783210952884,1.25674596558306,0.303870595258165,2.83292673796102,4.59755884553439
-0.184041672072738,0.0114209387032513,-0.108264282408506,-0.465366175574972,-2.4543274394316
2.24346090123556,1.27420351200586,-0.407817017341603,-0.586256770530068,-0.343112831818966
-0.327624846844518,-1.32875313230452,-0.636824070085126,-1.53974200732092,0.120861891828127
0.186939388791971,2.47755690555268,2.53784566474177,0.6886213028212,2.61383378373058
0.330741450212976,0.21684039917305,1.50397142481407,0.585921743365229,1.77425244246895
-0.540065756917055,-0.984274414413095,-0.660916921654609,-1.36512124043174,-0.818697126496807
1.37382888843743,1.78533142756862,0.318932969298124,0.99795131257841,0.150408346002694
0.379736926642987,-0.227588028474733,0.519612090175318,0.576153319131887,1.16967260742423
-0.236818224720938,0.964208129617645,-0.475540428045228,1.06167391110564,-0.930451336392337
-0.202351751825995,0.722696694831977,0.00822871609421555,0.399999156664764,0.648485880710057
0.84817192044811,1.64634811940865,1.20400610804809,0.954411682317725,1.11545507609321
-1.03129950862609,-0.930249954753066,-0.0564892044653742,1.36638068247298,0.166570814328014
0.524195216782722,1.75241341500988,2.61834217879905,0.480273941620704,1.18891966485127
-1.21194796726546,-0.458816802379969,-2.58999551355997,-0.0794574370083457,-1.51600287493121
-0.175910476144166,-0.100089915152745,-0.221045565732011,1.0822680022914,1.67205305313826
1.00297153870781,1.58298424530539,-0.33365395787261,-0.45822020568662,0.571011145363995
0.770097131786328,-0.440177023575279,-0.715249322615834,0.0338637422502932,-1.65070356193272
0.579610441321843,-0.0563958698236224,-1.61414121847422,-0.00740206228494064,-2.72868536834107
-0.0737723034070325,0.262496655406087,-1.59987280520459,2.45665298387409,1.97345633313649
-0.100693885678574,1.35064536159975,1.33138314166103,2.77203563547204,4.50465612757971
-1.26941496183082,-0.581468948198986,-0.729000426490449,-2.05982002320596,-2.8626247790325
2.70771047115318,-0.95738219565272,0.583010938420102,-0.493301971018638,-1.30535938157263
1.0423436170187,-0.47428753988546,1.32931700438689,1.22950869583367,0.897420288064482
0.200239510661361,0.165748243806708,0.185559908760698,-0.173380735114443,-0.473307523889639
-0.622363550283872,1.12630045462148,-1.26200465935028,1.12743938656663,1.34732590258808
-0.526866664100172,0.253997274927816,-0.333557985148992,0.53077351015029,-0.986869191574611
0.19310332915772,-0.733982434818156,-1.89701865232324,0.207006346542704,-0.627774936605113
-0.167612363767144,-0.217553385773588,-1.88868654150903,-0.691994513650935,-0.764384944518329
0.81986132344581,1.70872580914746,1.93275598837641,0.538809428181409,2.45671856943068
0.0979872889071551,0.292519912920149,0.930058406315207,-0.777747586345897,-1.81527742922513
0.276800698317398,0.0950950494000922,0.900450146455879,0.468204775309245,-0.708690506130465
0.165722344587221,0.239564313033073,0.571230512072314,0.864156226635094,0.362583020444841
0.44314816199983,0.156932224498508,2.01476429093986,-0.42579159467084,0.225859217011272
1.2192125351837,0.357640773605285,2.04367483705035,0.294470561595515,1.57258721093246
-0.305896303415565,1.38959234335893,0.552606249095158,0.781060495372615,1.01980742030472
-1.0930632296077,-0.732748822167405,-1.58357406659622,-1.77904365423829,-3.00221586825181
-0.194797245472064,-1.00378241807848,-1.42914789904761,-1.27145083856021,-2.91078831592022
0.0636701409549787,2.5103097992208,-0.0327748343860668,1.51059597646293,1.9018915392774
-0.0252796689841115,-0.0357799220213025,-0.105672627387793,1.4899154408198,-0.244313790821982
0.093666869000375,-0.062636957882439,-0.840703159293822,0.119861813482118,-0.583764629275155
-0.0886553750796356,-0.790453518981596,-0.49353976040554,-1.77537514231966,-3.09302414358491
1.21183625288263,0.104544582434577,2.51071680496864,1.84228478091178,1.92975692810626
0.407177725975025,0.44817064545386,0.401526800743399,-1.17235016071731,-0.345554203080704
-0.349335030881233,0.435589795077934,0.265991840253317,1.20198033867313,1.83756968002607
-0.503927732475046,-1.15767092446333,-1.16843254382115,-0.878669947232223,-2.92381766221652
-1.60439453052479,-1.43797728030418,-1.41183082756028,-0.976206633891767,-1.84855269036949
-0.56139553345363,0.573105639025386,1.51329030214907,-1.05810124937525,-0.438497458177398
-0.117769918699954,-0.0217940324253712,0.535523898731559,-0.597080413922954,-0.704096321961954
-0.888987187917426,-0.268809526702726,-0.895888288932516,0.30936649915342,-0.370097927145454
-1.43976990817888,-1.56343655296391,-3.4513299498108,-2.9429871508265,-5.73995612405096
-1.18449110310316,-0.262163944723228,-0.141484235371076,-0.859755474620994,-0.285958054342129
-2.81671907667181,-0.579471378541943,-1.59419226873494,-1.60340896314446,-0.858809733273337
-0.844613368160964,0.0226178553054366,-1.60602366043654,-0.723275559129451,-2.28646789207518
-0.374758300051702,-0.397122881613201,-2.43970801103543,0.94382070893731,-0.992112122503699
-0.534613673119744,-0.259655488824754,-0.377720633751545,-0.368584661367837,-1.48994348676975
-1.53995728656577,-0.725270720706142,0.287751440250674,-1.92051840578697,-1.41791297915596
-0.656625832562068,0.254872265501169,-0.276799524886783,1.6658334104171,1.93362115913532
1.63011759733112,1.19097871233323,2.05194006694193,1.39164821873297,2.43504135881
1.84286398340155,-1.5508080128136,-0.0385061212134518,-0.138131147733048,-0.927405349247344
0.508820430177015,-0.672720650252804,1.12707128746628,-3.19513145715063,-1.25235566225582
-0.80992808621235,1.06120214507773,-0.532905003069587,0.0177994305685779,0.986748539307734
-0.0883378156395543,1.49773025224114,1.26818167825861,1.4628688452924,2.61176187649383
-0.350364531322693,0.226656632274502,0.768986861690646,-0.883298980892403,-0.495815284025572
0.0389071415208024,1.64459827296113,1.17983916553633,1.41492863792103,2.54978249840608
0.505672858901529,0.052780606097422,0.84783360148637,0.282361530449913,-0.342456249863396
-1.23489019894431,-1.03851295677271,-0.29441990675624,-0.323470216715529,-1.08403193711731
-1.05260444862745,-2.05036548021298,-1.2460476803731,-1.40777881833691,-2.98528448874191
0.139525294790773,-0.711838149338098,-0.734760414036471,0.442114053208227,-1.36572775839962
1.19473909871348,-0.436757408381752,-0.758563128571144,-1.56555128593359,-2.99648115970515
0.120527857741645,0.0372035007468878,0.720056593336955,-1.56139154817092,-1.53591522468196
-0.0223346342289921,-2.16408201476028,-1.16232653092045,0.064783819139784,-0.963574218790094
-0.913656251854238,0.587895185604686,0.255108203952966,1.42779426207489,-1.12660056140912
-1.04533998345955,1.04226873516578,0.8007020235289,1.4069750294714,0.781414163978671
-1.34460038406873,-1.26179114048784,-1.29988775521167,-0.798092433601088,-1.49031075422927
-0.550710150106359,0.210418743355496,-1.13574353679569,0.0133349782678008,-2.37314747714628
0.475619277786904,1.0810886460756,1.21191640067425,-0.840698550111452,0.759242152167763
-0.457799493292324,-0.0820074750283467,0.364859057097953,-0.943237550678992,-2.05616448678299
0.627349399754599,0.274999319254527,0.500038737562356,-0.227823490654481,1.00335055817104
0.404473924284785,-1.32826928777209,-0.948715714192515,-2.60777966502066,-2.00694922241908
-0.164891841345114,-2.20681601980856,0.338578895221981,-1.59213513013924,-2.65229575793732
-0.875160310907741,0.0570288076380872,0.532655032271524,-0.936309765579612,0.299314036623804
-0.784938531790198,-0.183843540498489,-0.880504769073579,1.30767575895356,1.44872201883899
0.00589013312155701,0.283926234064781,0.588475688484177,-1.8379494234094,-1.80062719910014
1.47809831582592,0.71268054450061,1.74564211211501,0.970381375447637,1.34946933908394
0.00643623188916065,-0.533103241867731,-0.847227524398818,-1.49805366898013,-2.69931816662179
0.580252943910616,1.06330727991037,2.21481216545835,1.19186662893743,2.11113319862901
-0.903839295320662,-0.690093670002523,-0.367915247244455,0.486537268991194,-0.25238824350379
-0.957567823800365,-0.986193374951102,-1.30121043571938,-1.44725001774175,-2.90344134394863
-0.205227296604961,1.238309275417,2.42447907075397,2.73528766127212,4.95874769038067
0.95179344474446,0.132516135585979,1.87301080868303,-1.07540670657913,-0.185249719646291
0.441289317534371,0.877955235262013,0.327822795795962,0.488767171457627,0.5254219588115
-0.373323415881099,-0.358224779111662,-1.31369933705431,-1.00210654802527,-0.668497993241421
0.982753768908973,1.10963222944,-0.139508459809794,1.49786897465963,2.29006924132795
0.466151898513691,-1.1168090798047,-0.431711336857263,-1.66682505682636,-3.36670231932736
0.630502377798979,0.609528077989802,2.55553657235507,-0.106161807657868,0.497821053562302
1.20444792300845,1.475505248648,1.32024668007832,0.595512858730045,4.61727517304046
-0.101825131258156,-1.18058039345391,-1.80872637154961,0.251791624025051,-1.39611010210744
0.312450651923174,-0.826324964459164,0.666660247282554,-1.12123072746168,-1.35795426796303
0.515155649904337,0.038262005305164,0.248568563187543,-1.94664975833101,-0.472314658419443
0.918936974626023,-0.166021498923416,0.233021644458092,-0.699203167026717,-0.289606568703328
0.72434584337436,0.919821584371266,0.817181215200967,0.258948090522348,0.589261224727443
-1.88662731104056,-0.962635911777217,-1.04462409352305,0.522709178662597,-2.75968194021668
0.302533888608786,0.897199544800685,-0.349737831747002,0.570925182987717,0.29554055211582
0.095794406270056,0.241047629009908,-0.215088088113454,0.0112144163764794,-1.24077218839511
0.561995384890387,-0.154338458820973,-0.149451679199298,1.48151914693316,3.04112375639038
2.46495886285051,0.970474938079303,1.62112487542093,-0.486197565337164,0.764860372086271
-0.51889140272764,-0.580567852836956,-1.63690785270405,0.0552077674537222,-1.15538865010279
-0.306332610321093,-0.135697570281048,-0.180907600914527,-0.959345391559053,-2.26471796042526
0.116487670372285,0.760644356021944,2.87511552722917,-0.296990826484726,0.265911711954715
-0.161400438966916,-0.175998192988682,1.18281074270579,-0.605442440537147,-0.692950520894989
-1.13528641505998,-1.34616447741222,0.110471154050661,-0.0350819899805107,-0.200992310202126
-1.01926508904604,-1.14188031450814,0.0126693655533305,0.365341371177533,0.63218880352733
-0.204290670038086,-0.159602861246362,-1.77821139122971,1.31042230414046,2.05588201111704
0.156062763757175,-0.520390141611772,0.145926070563216,-1.01291840713817,-1.10420374409056
-1.433423179578,0.269753767741349,-0.608037009846823,1.46266526731163,1.37045630853711
0.634870044127872,0.168586690136119,1.11251897188109,-0.889613143738048,0.00861808998505258
0.552977355987543,0.347963120062719,-0.648371591761657,-0.698172043418975,0.691331531517986
0.0921779059201157,0.40384064525584,-0.498012871358304,-0.0147271523339924,-0.0926935943137904
1.31632020151223,0.606977599593562,1.68148266568489,-0.000788937290232494,1.36594629027778
-1.01268101914714,-2.69018552772028,-2.18143491070098,-1.01565420631188,-3.27674091848912
-2.28757935024355,-1.56685434212799,-3.12665347275246,-1.79039273959752,-4.5039540595422
0.549297518896435,1.48605881206882,0.88777511490847,1.07856983035331,1.7267960111347
-1.22898447595859,-0.377161779439719,0.652232704522812,-0.309295019860531,0.71085553836353
0.573673191790066,1.50409581494779,-1.30350405410484,-0.663796787525874,0.960199194590235
0.970862179869021,1.88927893969658,2.36441412709605,0.302183109735507,4.32112475536583
0.205354323177351,0.694639297258505,-0.948617667685038,0.47006564131481,-0.830078484011268
-0.289745462063143,-0.094320625030094,1.02927711586975,2.86337641982063,1.06854102522913
0.556816250361077,0.694524613011291,1.61703450573344,1.2059423928088,1.08937922930846
-2.33967526277665,-1.87871506621365,-0.0301981430963014,-0.550300071907736,-2.08814283450186
1.10221299412905,1.79076966197617,2.28537957071736,0.39484486903555,1.93449094309212
-0.452467580451736,-0.395479252548794,-0.266837156556089,0.153131774292649,0.619137219040241
-0.300109343528514,-1.44374288655218,-2.43250853994567,-1.25972502699063,-2.43019615785815
-1.40226822159636,-1.10342586180366,-1.01926233275531,-0.116964915661081,-1.39297933587055
-0.706852599180107,-0.546306214375595,-0.339082605267994,-1.66446283755427,-2.27074171589359
1.14064526112386,1.36332658198953,0.261688900972508,0.976609648138325,0.548813245562209
0.238461874011162,0.224132488232225,0.823171147060168,0.183587808196202,0.46012071427514
0.833046779563936,0.563678903064905,0.461935683346698,0.966309064044818,1.30602558385037
-0.228723763970208,1.0355492258262,0.0478538605685638,-0.316406467010485,-0.709824321376454
0.706767725753888,0.67259433783783,1.82663332046654,0.505295103502199,3.46289983788657
-0.760696534762622,-0.215113298614942,-0.614134850911411,0.17580340098995,-1.22053835887513
0.562339491229177,-0.157522437316058,-0.0598414111283204,-1.50871345995504,-3.08289104063386
0.847448844339774,-0.611181250762482,1.26753910140898,-1.01357478340316,0.766241643966337
0.867529968260195,2.31282974690471,2.66674946140517,1.12860378911743,5.61222354190617
-2.44292640904419,-1.23691510837214,-2.04852501619123,-2.18359655327302,-4.23416345303719
0.279520234868536,0.123714236047912,0.287537633379046,-0.619594436062313,1.61999818999012
1.96472128619458,1.25548440406099,1.2224426462834,0.925703213013847,3.07371363074318
-0.893239414368281,-1.18133758829355,0.561861887436971,-0.0328656833169797,-0.556359635768067
-1.35491407657312,0.152898405954334,0.316329206778693,-0.12263606427235,0.464590189453533
0.0374865556740862,0.489791121861661,0.836848643597247,0.234057299708012,1.11708859338046
-0.460694896772853,-0.424155541718831,0.566477686806207,-0.187824415008933,0.298563569873748
0.0681667227474164,0.423309138407476,0.656711206786536,0.659580613931998,1.59562237957667
-1.06150760222403,0.21999251805229,-0.929643779291123,-0.00945836855581483,-1.27005780522904
0.391496902175807,-0.492962950985313,0.880908960478823,0.866699420797601,0.0382384799426801
-0.104266779199489,-0.724826556505279,-1.2962516545124,1.19211691580944,1.19379067390741
-1.41075499320229,-2.28507365668256,-1.39203056042373,-0.435064924982478,-2.858486499834
-3.34203264282804,-1.91180772043245,-1.95860412705312,-1.88074556513879,-3.91603688739663
-2.09043657158836,0.787150220063073,-0.254860782085377,0.900217079281732,1.56277106384634
-0.834614749273103,-0.520655646699223,-1.35986416221942,0.82146502765189,1.3227543084771
-0.452241810703481,-1.93468487809816,0.316310976347548,-2.73399946157815,-1.59484813043695
1.55788937791042,-0.0998348152237017,-0.245808387135425,-0.504329234056488,-0.598946492563789
-0.340566083135192,-0.655343857343856,0.972473811422007,-1.18348314063271,-0.578942197915624
-2.12577381914038,-1.46413829182072,-2.30996491564599,-2.01909562980347,-5.36043846726568
-0.372212474207206,0.281193180124825,-0.621789609190178,-1.13878738448765,-1.59314384774899
-1.37176201413666,-0.489091975211047,-1.66031075566683,1.20665742319404,-0.163613139547183
1.44825960107018,-0.0783313442873519,0.506044133261927,-2.57105516562211,-1.75425096453939
1.14399703483331,0.209351470162183,0.746393484632592,0.991983453689231,2.41491037932617
-0.246464844073434,1.73413224591202,1.28285915647268,1.50934008759903,1.26675946542568
-0.620856013280814,-0.370508364055791,-0.822145360005991,0.923523180509936,0.31040401087015
-1.21744240698068,-0.809190880052442,-1.62377961644706,-0.628966695809419,-0.969829339360426
0.952111421852205,-1.30475300354695,-0.534638049566159,-1.00113133505809,-1.28877211505866
-0.00249973767453449,1.53038097514065,1.51045647569807,1.65332712012016,0.321255112717723
-0.366549116344703,1.40856581905917,-0.246201472720696,2.01596068675645,2.65224436955445
0.269124435188931,0.296937931260816,2.80231248189001,-0.0782945044551329,1.05478873087019
1.60134635943155,2.21503858630434,2.01455566647997,-0.147711084981504,2.77539698398881
0.290349267016999,-0.435101346394093,0.601202550555357,-0.478609402914675,-0.914060389100874
0.302668598976167,-0.426805843631778,0.615975421142756,0.775984535600226,-0.307120698949841
-0.103723736849904,-0.496906244159729,-0.336557989521934,-1.67047260289189,-0.647672434338719
-0.0936194490477619,0.361508390995086,-0.723583946747592,1.05157938777858,1.64524471075075
1.19676282727356,2.22676045017132,0.634729791710237,2.14054517428406,3.10366042652665
0.487256595469255,-0.733607522607554,-0.0214407000733518,-0.368739570943663,-2.19503366213529
-0.845974280369498,0.918714099073805,0.800741637904742,0.168229539393994,-1.00691163466906
-0.291104453877601,0.163191838383662,-0.904721228767202,1.32392439936477,1.71934288176842
-1.53083369961581,-1.00212713568125,0.250401772341832,-0.64481191070067,-0.598570313700118
0.628506997925941,1.04769809179851,0.432417440408415,0.26014742892807,0.240831821536771
0.138314362359551,-1.34510021186615,0.42123878262233,-1.04854024465149,0.255898819353944
-1.05554129974645,-0.251391251235732,1.16183529000303,-0.637305402879577,1.73088636058498
0.354403415905882,0.845152337658602,0.828704591930252,-0.726012172911332,0.32351091038002
0.925458886889232,0.421599367197873,1.2440824649804,-0.695112102605849,-0.309409115571749
0.458875139317065,1.71167220926653,2.20732394858263,2.05456816215715,1.89139883685399
1.24137636332584,0.50296640865881,0.154116770255266,1.49078271526951,2.93193911408569
-0.439804440680284,-0.783231918182652,-1.98732699474333,-0.162583331582816,-0.544439297618089
-0.0234540932407749,0.139880623976034,-0.34240032969971,0.675162645123309,0.454333226081717
1.50367177491805,-0.974902786268047,-0.476542433973002,-0.407319997549502,-1.31559776558238
-0.29715901016492,-1.061981082684,-0.440343050235001,-1.25987493778592,-2.90276339754227
0.314410039179545,0.0926492303796231,0.300461978830964,0.138313493997669,-0.114147232601117
0.186215366207333,-0.843276585495143,-0.831519106003725,0.145109748898014,0.125527023498038
-0.813265816361509,-0.169939120022763,0.562679969908553,0.552279137436951,0.53486149478443
-1.49355947462735,-1.58919604021376,-1.19537263082025,-0.880330122669987,-1.28870044146945
1.37867508688393,1.95115384900321,1.39395338401275,0.44011445750111,1.32447964919228
-0.477445619871774,0.084001360225324,-1.07655017914337,0.69103780170038,0.331755760447731
1.15768422433716,1.25871333687519,2.49849732161839,2.12045328275621,6.36460126438869
-1.05091996458753,-1.79661155363591,-1.87231067720803,-2.14970584007399,-2.64496617461527
-1.26944794576577,-2.15109501982169,-1.11902194768548,-1.42700503154361,-3.68829398837069
-0.0819910512695883,-0.324882478968534,0.603012209855964,-0.239635860709242,0.430740187138118
-0.290859512334045,-0.530433690263611,-1.54499807123516,0.039314914598762,-0.987536737873049
0.653998128984996,1.15242096719029,0.975450924176241,0.369805638139192,2.24924096685533
-0.976050749204204,-1.97657069394511,-2.24040777399162,-2.20078430572912,-3.08465922561572
-0.37484017267345,-0.336819814118411,-1.30446799445282,0.820579210480589,-0.283530781963638
-0.868975097570089,-0.445715396706941,1.79836688817757,0.484460833370616,3.04299086892743
-1.41415971485796,-1.0881098621421,-0.809431996011455,0.198398243625306,-0.524611743666018
1.45805768784683,0.28741203764674,0.591765642702683,0.341230603980237,0.700474667960266
0.644749174583027,0.452251780473464,0.427498801404231,2.36458881526793,2.6541304293256
-0.0222216395675962,0.0435747926210516,1.08324451817707,-0.30967209821136,-1.14514922815608
0.232186601328025,-0.849686814001865,-0.127066095593656,0.640238241298892,0.512881203048557
-0.932143168934774,-0.171357594107317,-0.125166568197182,-0.182140973294005,-1.50936018730091
-1.18672997824787,-1.54331901332249,-1.29947994939394,-1.16462269217015,-1.31093753660773
-0.25619052075516,-0.318137959215923,0.377492067444488,-0.744226741479289,-1.3737056314602
-1.30449032343201,-0.059143287728845,0.325739427339486,1.73384817834998,1.68389090415181
-0.473837933574966,-0.794933878030592,1.91081001408388,-0.827338129703703,0.382711222303426
0.208860406922403,0.222350837439928,-0.242029847884909,1.43380735082675,0.524498613139783
-1.87977846527942,-0.851991060674855,-2.62991533994264,-1.50068879919347,-3.11944681410879
0.933383867360395,-0.413025533843005,0.341845386593689,-1.08585587457602,-0.0904817000459381
0.0741536954722197,-1.13991404663827,0.877262283486489,-0.504663363750361,-2.08963066793666
-1.3099259884146,0.45229627151989,1.12529731540697,-2.38308678956394,-1.37990662115076
1.72659307497364,1.43176600560597,1.01466309179272,2.02528392457543,2.07730900822215
1.38213671647813,1.00953910061708,2.04017835546946,1.81820626571885,4.22605852576526
-0.279235163048075,0.702363139659113,1.18384583521594,0.231496509140049,-1.21637168660541
-0.362997373441356,-0.369743985905554,-0.737714885787896,0.0752206985511963,-0.521491399668285
-0.36278128650337,-1.05227398392263,-1.28649571796417,-0.711072606109096,-0.170707246541945
0.555366758852968,0.589224255452253,1.3932179191361,1.24652974339668,2.26916702340301
-1.73526208670206,-0.644518529313358,-1.695946460276,-0.670397273826333,-0.696683896930705
-0.643020437536891,0.143327357508719,0.0139073334232032,-1.43401701113876,-1.39497030060897
0.0184238054785535,0.145482393461564,0.103125008636543,2.03892517916293,2.1593855311448
1.4207086862862,-0.807119273312377,1.7211794372905,0.157542515242518,0.791875251134322
0.12072431234683,0.00568128057805811,0.0133690224167781,-0.952134501651079,0.667788355883315
0.211625445954636,0.449426959579646,0.409711139648083,-0.0856327681271471,-0.270752849700038
-0.367925081023844,-1.48108034707658,0.93185826935819,-1.96356998636761,-2.18055263345122
-0.333694865688446,-1.19727135751978,-0.661452105847459,-1.32471197134234,-1.3279503518694
0.811067845826073,0.445411385873002,2.17285157228355,-0.243556383694446,0.297481733711798
0.681802722241982,1.5959130801627,0.507146611847507,-0.778736208101735,1.11719517947391
0.721493990015291,1.00814874916186,2.27302344893633,0.134845145235485,1.45355589122735
0.260756584276011,1.86586598524195,1.47853125834936,3.35713421880174,4.25244757498995
-0.970002566683935,0.0543143206601999,-0.494269241732204,-0.0786758888352706,-0.881780210428484
-2.17917733622716,-0.928020857982935,-1.20770806528126,0.712933843335605,-0.908379256715322
1.95155505983121,2.80832208125901,0.783593143882407,1.97036193372782,4.1148817730886
1.27509932654417,0.0400865759836382,0.445815226577088,-1.523966277945,-2.00956200051124
-0.115058418067508,1.19063757451438,1.73964633904606,-0.461814077272394,2.76582906564718
0.753915652190344,0.160285961683026,-1.13653317175537,0.561516877542632,-0.28781327066441
-0.730001583872911,0.598480212192768,0.170590712093956,-1.4404157103603,-1.42191182662841
